ward_id,date,hand_hygiene_score,ppe_score,waste_segregation_score,environmental_score,recent_lab_count,anomaly_count,max_virulence,days_since_last_audit,outbreak_label
opd,2026-06-27,11,0,90,29,13,4,1.0,29,1
family_medical_clinic,2026-06-23,28,75,44,78,20,5,3.0,19,1
family_medical_clinic,2026-06-01,97,8,93,2,20,4,1.0,4,1
psychiatrist_clinic,2026-06-26,32,19,23,17,7,5,3.0,6,1
etu,2026-06-11,12,80,92,88,18,5,2.0,18,1
etu,2026-06-19,11,69,2,50,8,3,3.0,5,1
family_medical_clinic,2026-06-18,99,79,16,79,13,5,1.0,10,0
family_medical_clinic,2026-06-25,3,45,96,61,8,1,1.0,12,0
opd,2026-06-12,65,77,56,10,0,3,2.0,2,1
family_medical_clinic,2026-06-15,79,80,60,60,7,1,2.0,24,0
family_medical_clinic,2026-06-25,59,4,67,13,7,1,1.0,11,0
psychiatrist_clinic,2026-06-11,56,69,89,60,14,3,3.0,26,1
male_ward,2026-06-12,32,45,24,27,4,4,2.0,19,1
female_ward,2026-06-20,9,12,19,64,0,3,2.0,15,1
male_ward,2026-06-06,66,8,87,34,3,2,1.0,28,1
etu,2026-06-28,23,36,79,32,14,5,2.0,2,1
etu,2026-06-17,18,53,36,6,18,3,1.0,26,1
psychiatrist_clinic,2026-06-15,71,9,75,58,18,4,2.0,27,1
opd,2026-06-13,9,24,37,12,7,0,2.0,27,1
etu,2026-06-23,2,21,19,25,16,3,3.0,27,1
male_ward,2026-06-17,21,40,39,67,20,0,3.0,1,1
etu,2026-06-05,17,42,32,61,18,5,2.0,2,1
etu,2026-06-15,78,9,77,75,19,0,3.0,17,1
psychiatrist_clinic,2026-06-23,70,74,47,98,3,4,1.0,10,0
female_ward,2026-06-26,4,93,61,93,2,0,1.0,23,1
female_ward,2026-06-15,26,30,96,48,1,5,1.0,15,1
psychiatrist_clinic,2026-06-21,51,60,52,70,1,2,2.0,18,1
opd,2026-06-19,46,10,71,37,8,3,1.0,15,1
psychiatrist_clinic,2026-06-16,15,76,40,40,16,2,2.0,12,1
family_medical_clinic,2026-06-15,61,87,93,80,8,3,2.0,3,0
female_ward,2026-06-16,46,49,95,94,11,4,3.0,2,0
family_medical_clinic,2026-06-13,8,54,85,17,7,1,3.0,3,0
female_ward,2026-06-23,22,69,87,96,8,5,2.0,22,0
family_medical_clinic,2026-06-25,98,3,16,23,10,2,3.0,12,1
female_ward,2026-06-10,18,84,36,99,15,1,3.0,15,1
female_ward,2026-06-08,38,84,47,25,16,5,3.0,14,1
etu,2026-06-04,8,8,33,25,10,1,1.0,1,1
etu,2026-06-24,25,45,92,55,8,1,2.0,27,0
family_medical_clinic,2026-06-26,18,30,79,80,0,4,3.0,21,0
psychiatrist_clinic,2026-06-13,28,29,17,95,5,1,2.0,24,1
family_medical_clinic,2026-06-24,71,10,77,11,18,0,3.0,21,0
male_ward,2026-06-15,59,37,21,11,3,0,1.0,1,1
etu,2026-06-14,12,14,20,80,10,3,3.0,30,1
psychiatrist_clinic,2026-06-08,61,44,72,93,6,3,1.0,14,0
family_medical_clinic,2026-06-07,83,82,70,16,11,1,3.0,10,0
opd,2026-06-12,67,53,93,14,12,4,3.0,5,1
opd,2026-06-17,26,5,80,78,19,1,3.0,11,1
family_medical_clinic,2026-06-12,39,93,64,69,7,2,2.0,10,1
psychiatrist_clinic,2026-06-05,28,55,89,17,5,2,2.0,13,1
opd,2026-06-14,95,6,81,38,4,0,3.0,7,0
opd,2026-06-11,60,55,9,16,4,5,1.0,27,1
male_ward,2026-06-15,28,81,58,56,9,5,3.0,18,1
etu,2026-06-15,27,71,46,82,13,0,1.0,18,1
etu,2026-06-17,43,35,53,47,1,1,1.0,28,1
male_ward,2026-06-13,7,23,45,2,11,4,2.0,13,1
etu,2026-06-06,38,39,51,30,1,2,2.0,23,1
psychiatrist_clinic,2026-06-06,86,43,36,76,15,1,3.0,18,1
opd,2026-06-14,1,49,97,95,6,0,2.0,24,0
etu,2026-06-03,5,49,82,86,4,4,3.0,22,0
male_ward,2026-06-13,5,61,47,42,19,3,1.0,30,1
psychiatrist_clinic,2026-06-12,76,45,60,33,16,3,2.0,3,1
opd,2026-06-19,71,36,72,59,13,4,1.0,17,1
opd,2026-06-12,77,41,23,2,15,5,1.0,17,1
male_ward,2026-06-06,62,65,44,86,0,2,2.0,26,0
female_ward,2026-06-02,80,78,75,27,7,1,3.0,10,1
male_ward,2026-06-19,29,16,99,75,2,5,2.0,4,0
male_ward,2026-06-11,42,60,14,99,9,4,3.0,25,1
psychiatrist_clinic,2026-06-13,68,31,36,95,10,1,3.0,21,0
etu,2026-06-20,35,60,95,68,12,3,3.0,18,1
psychiatrist_clinic,2026-06-05,57,27,42,52,13,1,3.0,24,1
male_ward,2026-06-16,7,71,28,67,6,5,2.0,21,1
family_medical_clinic,2026-06-22,56,46,91,73,5,1,1.0,17,0
family_medical_clinic,2026-06-23,21,92,71,95,12,1,3.0,21,0
male_ward,2026-06-04,12,59,79,55,7,3,3.0,18,1
family_medical_clinic,2026-06-27,37,58,48,61,14,3,1.0,3,1
psychiatrist_clinic,2026-06-18,24,25,80,31,10,4,3.0,24,1
family_medical_clinic,2026-06-05,80,4,38,19,2,4,1.0,19,1
female_ward,2026-06-28,56,76,68,19,9,5,3.0,10,1
female_ward,2026-06-26,66,33,19,35,15,0,2.0,24,1
etu,2026-06-10,26,10,31,73,3,3,3.0,4,1
male_ward,2026-06-18,76,56,18,39,0,5,3.0,4,0
male_ward,2026-06-19,76,3,44,77,6,4,3.0,3,0
etu,2026-06-18,20,26,75,28,1,2,2.0,18,1
male_ward,2026-06-22,0,84,58,13,1,5,2.0,6,1
opd,2026-06-27,63,17,79,56,18,4,3.0,18,1
etu,2026-06-13,34,93,71,43,9,1,2.0,24,0
family_medical_clinic,2026-06-17,14,74,15,15,1,2,3.0,12,1
male_ward,2026-06-26,80,69,26,56,16,5,3.0,4,1
male_ward,2026-06-06,99,78,40,60,6,0,3.0,22,0
etu,2026-06-17,8,98,95,11,16,1,2.0,20,1
family_medical_clinic,2026-06-01,98,91,84,76,15,2,3.0,2,1
family_medical_clinic,2026-06-01,14,84,39,64,11,2,1.0,15,1
male_ward,2026-06-12,84,97,50,17,14,0,3.0,11,1
opd,2026-06-22,92,27,91,29,18,0,3.0,22,1
family_medical_clinic,2026-06-25,46,52,32,11,15,0,2.0,11,1
family_medical_clinic,2026-06-28,99,49,69,86,17,0,2.0,30,0
etu,2026-06-01,79,41,85,65,3,4,2.0,26,1
family_medical_clinic,2026-06-19,30,52,36,83,11,1,2.0,14,1
family_medical_clinic,2026-06-17,53,36,43,98,0,3,2.0,20,0
psychiatrist_clinic,2026-06-23,57,77,67,76,13,2,1.0,27,1
male_ward,2026-06-04,90,90,3,32,11,1,1.0,4,0
male_ward,2026-06-28,18,74,23,28,7,0,2.0,6,1
female_ward,2026-06-09,39,56,71,42,2,3,2.0,24,0
male_ward,2026-06-05,63,10,90,62,0,2,3.0,23,1
female_ward,2026-06-02,32,78,16,95,2,1,3.0,30,1
psychiatrist_clinic,2026-06-19,78,56,95,48,12,4,3.0,27,1
opd,2026-06-08,92,17,20,63,18,5,3.0,27,1
female_ward,2026-06-28,30,36,44,58,5,1,1.0,13,0
psychiatrist_clinic,2026-06-14,55,67,62,66,12,1,3.0,13,1
male_ward,2026-06-06,54,1,23,1,7,1,3.0,30,1
etu,2026-06-24,84,66,26,36,6,4,3.0,8,1
etu,2026-06-06,95,6,3,11,12,1,2.0,9,0
male_ward,2026-06-23,86,4,20,80,14,5,1.0,19,0
male_ward,2026-06-01,62,98,92,20,8,4,3.0,15,1
family_medical_clinic,2026-06-12,14,33,55,55,2,1,1.0,5,1
male_ward,2026-06-17,95,15,94,70,1,0,2.0,26,0
psychiatrist_clinic,2026-06-23,46,45,31,6,2,4,1.0,5,1
psychiatrist_clinic,2026-06-19,40,83,68,25,8,2,3.0,18,1
opd,2026-06-22,19,68,27,38,12,3,2.0,7,1
male_ward,2026-06-10,88,83,47,23,18,5,2.0,19,0
opd,2026-06-12,27,74,24,58,15,5,1.0,30,1
psychiatrist_clinic,2026-06-21,74,71,41,2,11,3,1.0,23,1
opd,2026-06-19,32,39,89,65,4,1,3.0,2,0
etu,2026-06-06,17,97,31,41,0,5,1.0,27,1
psychiatrist_clinic,2026-06-08,79,23,63,37,13,2,3.0,11,1
female_ward,2026-06-14,78,53,72,75,2,1,2.0,9,0
etu,2026-06-23,22,96,19,41,16,1,1.0,5,1
opd,2026-06-08,53,15,11,86,6,0,3.0,28,1
female_ward,2026-06-22,78,11,93,86,6,1,2.0,8,0
opd,2026-06-22,43,94,6,92,14,0,1.0,9,1
family_medical_clinic,2026-06-17,16,32,14,81,16,3,2.0,5,1
female_ward,2026-06-01,54,12,72,0,19,2,1.0,14,1
etu,2026-06-14,33,81,32,10,15,2,1.0,21,1
opd,2026-06-01,98,4,76,69,5,3,1.0,16,1
opd,2026-06-25,9,50,43,20,20,2,2.0,3,1
male_ward,2026-06-18,14,7,5,44,9,1,1.0,26,1
etu,2026-06-26,57,34,72,9,15,0,3.0,25,1
opd,2026-06-19,12,80,50,96,19,3,2.0,6,1
psychiatrist_clinic,2026-06-07,42,55,52,52,10,4,1.0,16,1
male_ward,2026-06-12,23,4,65,25,5,4,2.0,4,1
female_ward,2026-06-22,83,38,76,33,14,2,3.0,20,1
etu,2026-06-28,7,34,73,13,13,5,1.0,12,0
male_ward,2026-06-13,25,73,71,97,7,5,3.0,23,0
opd,2026-06-25,27,90,87,54,20,0,2.0,17,1
family_medical_clinic,2026-06-14,32,93,84,9,20,5,2.0,1,1
psychiatrist_clinic,2026-06-05,86,46,59,47,18,4,3.0,3,1
family_medical_clinic,2026-06-21,29,67,39,27,13,4,2.0,8,1
opd,2026-06-22,12,28,49,93,19,1,3.0,14,1
female_ward,2026-06-03,63,89,65,44,6,5,1.0,7,1
etu,2026-06-14,3,10,96,60,8,0,1.0,28,0
female_ward,2026-06-08,87,32,4,98,14,5,1.0,13,0
psychiatrist_clinic,2026-06-12,37,37,8,0,14,0,2.0,7,1
etu,2026-06-13,98,92,63,94,7,3,3.0,11,0
psychiatrist_clinic,2026-06-23,6,95,13,78,15,5,1.0,26,1
family_medical_clinic,2026-06-01,7,36,30,87,13,5,1.0,23,1
female_ward,2026-06-09,5,55,70,63,3,4,1.0,8,1
male_ward,2026-06-26,85,72,40,95,18,0,2.0,28,1
family_medical_clinic,2026-06-09,93,47,87,11,1,1,1.0,2,0
psychiatrist_clinic,2026-06-09,37,59,94,9,20,2,1.0,29,1
psychiatrist_clinic,2026-06-19,82,73,20,64,16,1,2.0,10,1
female_ward,2026-06-11,39,40,40,64,3,4,3.0,29,1
opd,2026-06-11,6,68,41,6,8,3,1.0,14,1
family_medical_clinic,2026-06-10,57,5,65,33,17,5,1.0,21,1
male_ward,2026-06-16,18,79,28,6,14,1,1.0,9,1
etu,2026-06-19,54,4,51,84,10,4,2.0,17,1
family_medical_clinic,2026-06-22,98,66,30,78,11,2,1.0,10,0
opd,2026-06-17,21,53,57,49,12,2,1.0,27,1
etu,2026-06-12,28,21,97,56,10,2,3.0,18,1
female_ward,2026-06-09,10,66,55,78,6,3,1.0,18,1
male_ward,2026-06-01,67,43,83,79,19,1,3.0,26,1
family_medical_clinic,2026-06-16,30,15,27,90,20,2,2.0,2,1
psychiatrist_clinic,2026-06-22,33,26,70,24,20,0,3.0,11,1
etu,2026-06-17,35,98,97,70,8,3,1.0,15,1
opd,2026-06-14,46,80,87,66,4,3,3.0,27,1
family_medical_clinic,2026-06-07,54,81,45,15,12,3,3.0,4,1
psychiatrist_clinic,2026-06-04,68,45,94,59,7,3,1.0,8,1
female_ward,2026-06-14,72,89,48,16,16,5,3.0,7,1
opd,2026-06-27,25,91,40,84,18,2,2.0,26,1
psychiatrist_clinic,2026-06-10,86,48,90,75,8,3,3.0,30,0
etu,2026-06-06,54,6,73,60,15,2,3.0,21,1
female_ward,2026-06-10,93,5,46,87,18,3,1.0,30,0
male_ward,2026-06-26,73,61,24,87,15,5,1.0,10,0
male_ward,2026-06-06,51,33,87,8,11,1,2.0,25,0
family_medical_clinic,2026-06-05,66,20,24,10,19,1,3.0,5,1
male_ward,2026-06-26,46,38,31,61,8,1,2.0,6,1
etu,2026-06-05,62,6,7,60,4,1,2.0,9,0
opd,2026-06-12,89,41,49,12,7,3,2.0,12,1
female_ward,2026-06-11,73,13,56,17,11,3,3.0,5,1
psychiatrist_clinic,2026-06-01,50,17,54,50,13,1,1.0,13,1
psychiatrist_clinic,2026-06-06,31,46,68,42,17,4,2.0,22,1
female_ward,2026-06-20,20,59,94,2,17,2,2.0,9,1
family_medical_clinic,2026-06-12,99,46,93,76,7,3,3.0,1,0
opd,2026-06-12,70,54,47,52,6,3,1.0,13,1
opd,2026-06-23,64,12,55,34,10,4,2.0,18,1
family_medical_clinic,2026-06-06,23,11,38,78,14,5,1.0,15,1
family_medical_clinic,2026-06-25,14,15,94,29,14,0,3.0,15,1
etu,2026-06-18,92,88,23,29,14,4,2.0,30,1
etu,2026-06-26,83,23,32,28,7,4,3.0,9,1
family_medical_clinic,2026-06-24,4,48,78,80,12,0,2.0,4,0
opd,2026-06-10,2,9,70,38,8,0,3.0,25,0
etu,2026-06-14,42,50,53,10,10,4,1.0,7,1
opd,2026-06-02,47,30,35,37,12,1,2.0,15,1
psychiatrist_clinic,2026-06-08,96,28,5,94,1,0,3.0,4,0
female_ward,2026-06-26,1,53,83,52,0,3,2.0,7,1
male_ward,2026-06-06,79,69,92,73,5,2,3.0,1,1
psychiatrist_clinic,2026-06-10,29,74,85,10,13,2,3.0,19,1
female_ward,2026-06-27,2,57,88,37,18,0,1.0,7,0
opd,2026-06-27,35,22,13,62,2,0,3.0,28,1
psychiatrist_clinic,2026-06-26,66,69,41,92,12,4,1.0,21,0
etu,2026-06-24,77,21,83,39,6,0,2.0,6,0
opd,2026-06-04,82,40,65,96,13,3,2.0,23,1
etu,2026-06-01,59,42,67,25,16,5,2.0,4,0
opd,2026-06-06,83,9,84,37,17,4,2.0,3,1
etu,2026-06-02,19,65,48,6,9,4,3.0,21,0
etu,2026-06-21,81,96,87,53,7,4,1.0,16,1
psychiatrist_clinic,2026-06-05,38,80,85,35,5,2,3.0,26,1
psychiatrist_clinic,2026-06-11,31,41,93,83,17,3,3.0,23,1
male_ward,2026-06-08,4,75,46,60,3,2,3.0,15,1
etu,2026-06-19,15,62,43,92,18,2,2.0,10,1
psychiatrist_clinic,2026-06-12,17,21,70,50,11,4,2.0,16,1
family_medical_clinic,2026-06-17,51,74,26,98,15,2,2.0,29,1
family_medical_clinic,2026-06-05,53,39,67,65,12,1,1.0,25,0
opd,2026-06-01,13,41,15,83,15,4,3.0,26,1
male_ward,2026-06-02,37,71,86,92,2,1,2.0,29,0
opd,2026-06-18,14,19,51,85,9,4,1.0,28,1
opd,2026-06-25,1,40,68,86,5,0,1.0,25,1
female_ward,2026-06-28,14,87,15,66,3,4,2.0,3,1
female_ward,2026-06-24,59,76,43,81,1,4,2.0,2,0
opd,2026-06-27,92,94,83,47,8,1,1.0,26,0
opd,2026-06-02,62,11,88,84,4,2,1.0,19,0
female_ward,2026-06-26,45,47,30,79,15,4,3.0,17,1
family_medical_clinic,2026-06-24,1,46,59,43,8,5,2.0,28,1
psychiatrist_clinic,2026-06-26,10,49,26,89,5,5,1.0,29,1
opd,2026-06-01,32,53,30,59,14,1,2.0,4,1
psychiatrist_clinic,2026-06-23,29,82,10,53,4,1,3.0,25,1
psychiatrist_clinic,2026-06-15,27,35,24,85,3,4,2.0,17,0
female_ward,2026-06-18,61,81,67,50,0,5,3.0,30,1
male_ward,2026-06-16,45,14,9,13,12,3,1.0,4,1
opd,2026-06-25,47,15,85,17,3,4,2.0,22,1
male_ward,2026-06-15,40,55,30,77,12,5,2.0,17,1
family_medical_clinic,2026-06-28,71,38,99,26,18,2,2.0,28,1
male_ward,2026-06-14,22,14,39,35,8,4,1.0,2,1
male_ward,2026-06-17,42,99,2,21,12,1,3.0,3,1
etu,2026-06-11,76,18,22,95,1,0,1.0,30,0
opd,2026-06-20,57,36,98,33,5,4,3.0,12,1
female_ward,2026-06-02,33,14,33,22,7,4,3.0,29,0
male_ward,2026-06-05,7,56,24,48,20,4,1.0,2,1
psychiatrist_clinic,2026-06-19,37,65,38,56,7,0,3.0,17,1
opd,2026-06-27,77,56,2,53,6,1,1.0,3,0
male_ward,2026-06-16,56,32,18,3,3,5,2.0,6,1
family_medical_clinic,2026-06-24,46,48,96,58,2,1,3.0,22,0
opd,2026-06-25,97,81,10,25,13,5,2.0,20,1
male_ward,2026-06-06,24,85,88,67,17,4,3.0,24,1
female_ward,2026-06-26,47,91,8,76,5,4,2.0,5,1
psychiatrist_clinic,2026-06-05,25,59,91,63,10,3,3.0,4,1
etu,2026-06-06,94,37,13,5,3,4,2.0,1,1
opd,2026-06-15,77,41,86,50,18,5,2.0,10,0
psychiatrist_clinic,2026-06-09,8,11,14,44,6,0,3.0,8,1
psychiatrist_clinic,2026-06-17,66,62,82,95,9,4,1.0,19,0
opd,2026-06-10,76,4,59,42,18,4,3.0,11,1
psychiatrist_clinic,2026-06-11,75,89,7,9,7,2,1.0,27,1
male_ward,2026-06-12,70,7,71,96,13,1,2.0,21,1
etu,2026-06-07,23,58,4,74,0,3,2.0,20,1
family_medical_clinic,2026-06-23,12,34,14,15,8,3,2.0,24,0
psychiatrist_clinic,2026-06-23,97,33,52,34,9,3,2.0,22,1
opd,2026-06-16,30,24,11,44,8,4,2.0,18,1
family_medical_clinic,2026-06-28,5,87,62,46,9,0,1.0,14,0
family_medical_clinic,2026-06-27,21,78,74,9,11,3,3.0,9,1
female_ward,2026-06-27,83,27,13,64,12,4,1.0,2,1
male_ward,2026-06-22,37,87,34,98,19,3,3.0,9,1
psychiatrist_clinic,2026-06-01,72,63,5,66,9,2,1.0,5,1
psychiatrist_clinic,2026-06-04,67,77,55,56,3,3,3.0,14,1
psychiatrist_clinic,2026-06-14,21,86,74,47,17,4,1.0,13,1
female_ward,2026-06-27,45,33,67,87,11,0,1.0,17,0
family_medical_clinic,2026-06-22,78,24,41,93,15,4,1.0,26,0
female_ward,2026-06-13,34,39,48,97,17,2,2.0,19,1
etu,2026-06-01,31,49,26,65,10,4,2.0,11,1
etu,2026-06-25,43,7,46,19,16,2,1.0,2,1
family_medical_clinic,2026-06-15,39,80,80,97,17,4,1.0,9,0
male_ward,2026-06-23,45,94,47,40,2,3,2.0,16,1
etu,2026-06-26,88,54,0,79,9,2,1.0,18,0
male_ward,2026-06-13,3,72,47,41,14,2,1.0,7,1
family_medical_clinic,2026-06-06,52,86,15,4,13,5,2.0,17,1
etu,2026-06-15,20,27,1,43,9,0,3.0,4,1
opd,2026-06-20,72,28,27,22,4,1,3.0,5,1
psychiatrist_clinic,2026-06-08,30,25,77,93,18,0,3.0,25,1
opd,2026-06-24,63,0,43,2,20,3,1.0,25,1
opd,2026-06-27,79,68,86,18,14,4,2.0,20,1
female_ward,2026-06-09,23,31,76,33,20,5,2.0,20,1
etu,2026-06-19,30,9,95,99,8,3,2.0,4,0
psychiatrist_clinic,2026-06-10,67,95,18,23,10,1,2.0,19,0
etu,2026-06-07,4,38,67,85,20,1,2.0,28,0
female_ward,2026-06-26,66,48,84,50,18,4,1.0,4,1
female_ward,2026-06-19,96,39,25,4,3,0,2.0,18,0
male_ward,2026-06-10,52,5,52,7,10,1,3.0,7,1
etu,2026-06-11,60,73,5,73,12,3,1.0,12,1
family_medical_clinic,2026-06-14,45,58,14,55,11,0,2.0,23,1
psychiatrist_clinic,2026-06-27,54,25,88,17,9,0,1.0,9,0
female_ward,2026-06-28,73,8,58,4,16,4,1.0,26,1
opd,2026-06-03,54,5,72,76,11,4,2.0,22,0
family_medical_clinic,2026-06-17,55,76,45,15,8,4,3.0,23,1
opd,2026-06-23,55,13,96,40,12,1,1.0,25,0
female_ward,2026-06-13,12,82,24,33,0,2,1.0,19,1
psychiatrist_clinic,2026-06-02,19,59,24,9,10,2,2.0,24,1
female_ward,2026-06-04,43,53,13,8,4,2,1.0,11,1
female_ward,2026-06-03,6,45,64,63,14,1,1.0,7,1
female_ward,2026-06-17,44,77,3,24,5,1,3.0,24,1
psychiatrist_clinic,2026-06-17,13,35,73,37,2,5,2.0,14,1
family_medical_clinic,2026-06-08,93,3,72,38,19,5,3.0,8,1
etu,2026-06-18,92,59,93,66,17,0,2.0,8,1
family_medical_clinic,2026-06-26,36,22,19,3,12,0,3.0,15,1
psychiatrist_clinic,2026-06-01,81,77,24,63,7,1,2.0,3,0
male_ward,2026-06-19,77,20,94,72,19,1,2.0,7,1
female_ward,2026-06-05,86,71,7,13,16,3,2.0,9,1
family_medical_clinic,2026-06-18,69,80,76,6,9,1,3.0,30,0
etu,2026-06-04,82,50,25,63,20,5,3.0,12,1
male_ward,2026-06-28,50,57,82,36,8,2,1.0,4,1
male_ward,2026-06-28,5,96,12,50,3,0,3.0,27,1
male_ward,2026-06-02,21,98,97,88,16,4,3.0,20,1
opd,2026-06-20,53,34,17,62,9,0,2.0,3,1
male_ward,2026-06-15,94,29,9,4,20,1,3.0,20,1
family_medical_clinic,2026-06-06,47,96,85,23,17,1,1.0,23,0
family_medical_clinic,2026-06-25,3,15,63,1,20,0,1.0,11,1
etu,2026-06-12,62,89,40,58,2,4,3.0,23,1
female_ward,2026-06-22,53,79,98,65,4,1,1.0,19,0
opd,2026-06-06,53,87,14,52,6,4,1.0,18,1
female_ward,2026-06-24,79,72,19,33,5,5,3.0,26,1
opd,2026-06-19,61,92,43,12,19,2,3.0,5,1
family_medical_clinic,2026-06-17,13,47,82,10,17,4,2.0,23,0
opd,2026-06-10,6,7,37,28,9,0,1.0,3,1
female_ward,2026-06-06,56,84,39,83,10,3,2.0,28,1
psychiatrist_clinic,2026-06-16,22,7,12,44,5,2,3.0,20,1
opd,2026-06-15,60,58,4,54,2,5,3.0,13,1
female_ward,2026-06-06,26,31,94,67,16,3,2.0,11,1
psychiatrist_clinic,2026-06-10,47,63,39,67,1,3,2.0,1,1
etu,2026-06-10,88,86,41,48,1,2,1.0,1,1
etu,2026-06-06,26,37,10,5,18,4,3.0,10,1
etu,2026-06-19,35,42,6,2,8,2,1.0,24,1
etu,2026-06-28,76,91,55,97,13,5,2.0,5,1
family_medical_clinic,2026-06-28,95,69,46,66,15,3,3.0,22,1
female_ward,2026-06-22,11,36,62,30,6,2,1.0,11,1
psychiatrist_clinic,2026-06-28,70,58,50,86,8,3,2.0,17,0
family_medical_clinic,2026-06-15,55,20,41,69,12,0,3.0,3,1
male_ward,2026-06-02,61,73,39,35,5,1,2.0,29,0
etu,2026-06-01,39,99,42,13,2,2,1.0,27,1
opd,2026-06-23,29,57,33,50,18,0,1.0,29,1
female_ward,2026-06-02,33,15,47,41,18,2,3.0,26,1
family_medical_clinic,2026-06-26,57,66,89,73,3,4,3.0,21,1
male_ward,2026-06-23,39,68,7,16,10,2,3.0,10,1
female_ward,2026-06-21,60,21,1,63,2,5,3.0,30,1
family_medical_clinic,2026-06-26,16,61,30,5,13,0,1.0,17,1
family_medical_clinic,2026-06-23,14,89,25,46,5,2,2.0,22,1
opd,2026-06-27,16,60,23,62,10,4,1.0,5,1
etu,2026-06-04,2,31,82,47,6,1,2.0,6,0
family_medical_clinic,2026-06-26,9,27,2,28,5,0,1.0,13,1
male_ward,2026-06-22,49,25,38,16,13,5,3.0,25,1
etu,2026-06-18,61,24,57,44,12,1,2.0,19,0
male_ward,2026-06-13,82,79,65,90,19,5,3.0,6,1
opd,2026-06-20,10,14,83,54,16,3,2.0,9,1
female_ward,2026-06-16,27,42,70,82,6,0,2.0,27,0
opd,2026-06-20,46,93,92,69,5,3,2.0,2,1
family_medical_clinic,2026-06-28,64,78,86,48,9,3,2.0,13,1
etu,2026-06-04,2,20,32,72,1,5,1.0,16,1
psychiatrist_clinic,2026-06-06,61,60,64,5,11,2,3.0,9,1
etu,2026-06-05,14,84,8,97,15,5,2.0,19,1
psychiatrist_clinic,2026-06-10,1,84,72,51,14,0,3.0,14,1
female_ward,2026-06-19,69,35,46,25,11,4,2.0,7,1
psychiatrist_clinic,2026-06-10,61,33,27,21,2,4,2.0,7,1
male_ward,2026-06-22,83,77,63,3,19,1,3.0,2,1
female_ward,2026-06-21,77,58,23,96,9,1,3.0,16,0
female_ward,2026-06-09,78,1,56,42,11,0,3.0,15,0
opd,2026-06-19,89,73,38,98,16,1,1.0,17,0
female_ward,2026-06-16,73,39,93,77,18,0,2.0,22,0
male_ward,2026-06-26,89,43,48,50,15,3,1.0,24,1
etu,2026-06-16,8,52,61,72,1,1,3.0,20,1
male_ward,2026-06-08,85,4,85,0,6,5,3.0,15,1
male_ward,2026-06-25,8,71,21,1,12,3,1.0,24,1
family_medical_clinic,2026-06-19,27,32,40,2,3,5,2.0,30,1
male_ward,2026-06-16,0,65,95,74,19,5,1.0,20,1
family_medical_clinic,2026-06-10,66,70,87,36,0,1,2.0,9,0
opd,2026-06-15,68,59,25,39,17,5,3.0,13,1
male_ward,2026-06-05,5,26,53,35,6,4,3.0,24,1
female_ward,2026-06-20,45,74,15,7,17,4,2.0,30,1
opd,2026-06-19,66,9,34,43,15,2,2.0,20,1
psychiatrist_clinic,2026-06-23,82,57,54,14,11,2,3.0,15,1
opd,2026-06-26,24,26,19,4,12,5,3.0,16,1
family_medical_clinic,2026-06-24,24,33,92,53,20,1,3.0,16,1
male_ward,2026-06-02,23,43,14,4,18,2,3.0,2,1
opd,2026-06-20,23,59,92,4,15,0,1.0,15,0
family_medical_clinic,2026-06-09,7,4,99,57,19,0,2.0,14,0
female_ward,2026-06-21,78,71,72,86,10,0,1.0,14,0
family_medical_clinic,2026-06-13,35,38,12,17,11,0,3.0,4,1
etu,2026-06-13,64,81,53,6,13,0,2.0,9,1
female_ward,2026-06-28,29,38,46,93,7,0,1.0,6,1
psychiatrist_clinic,2026-06-17,91,87,57,99,10,4,1.0,3,0
family_medical_clinic,2026-06-26,5,75,28,40,1,2,3.0,1,1
male_ward,2026-06-24,18,53,33,97,5,3,1.0,15,1
family_medical_clinic,2026-06-26,22,20,78,6,7,4,2.0,4,1
psychiatrist_clinic,2026-06-04,5,28,75,77,5,3,3.0,8,0
opd,2026-06-03,75,20,61,30,2,0,2.0,20,0
psychiatrist_clinic,2026-06-26,22,94,8,11,4,0,2.0,16,1
etu,2026-06-07,95,48,64,71,17,1,3.0,28,1
family_medical_clinic,2026-06-16,67,59,73,30,13,3,3.0,26,1
family_medical_clinic,2026-06-06,30,35,12,98,14,3,2.0,23,1
etu,2026-06-22,67,28,17,67,2,0,2.0,30,0
opd,2026-06-10,70,46,80,32,4,3,3.0,6,1
psychiatrist_clinic,2026-06-04,36,51,99,7,7,5,3.0,25,1
opd,2026-06-24,83,33,81,82,12,1,2.0,14,0
psychiatrist_clinic,2026-06-12,56,50,0,70,10,4,1.0,18,1
psychiatrist_clinic,2026-06-15,99,10,9,27,18,4,3.0,11,1
male_ward,2026-06-05,43,54,57,69,19,5,3.0,29,1
psychiatrist_clinic,2026-06-07,74,21,53,61,18,2,1.0,18,1
family_medical_clinic,2026-06-04,12,87,89,91,15,1,2.0,4,1
family_medical_clinic,2026-06-25,41,40,68,59,10,1,3.0,4,0
female_ward,2026-06-26,59,20,7,32,13,4,2.0,2,1
etu,2026-06-04,60,30,50,46,14,5,3.0,15,1
female_ward,2026-06-18,33,98,68,69,11,5,2.0,7,1
opd,2026-06-09,10,27,57,66,12,2,2.0,21,1
male_ward,2026-06-17,8,0,6,53,16,0,3.0,3,1
psychiatrist_clinic,2026-06-03,73,57,3,51,13,0,1.0,22,0
male_ward,2026-06-01,71,36,51,93,19,0,2.0,22,1
male_ward,2026-06-11,5,44,91,15,13,5,3.0,9,1
opd,2026-06-04,2,58,49,45,14,3,1.0,3,1
family_medical_clinic,2026-06-02,1,40,73,31,19,4,1.0,26,1
opd,2026-06-01,37,1,88,22,8,5,1.0,14,1
etu,2026-06-28,0,4,96,68,11,1,2.0,15,0
etu,2026-06-19,10,47,18,96,6,1,3.0,11,1
psychiatrist_clinic,2026-06-12,81,24,97,42,14,4,3.0,21,1
psychiatrist_clinic,2026-06-06,71,50,75,10,2,1,3.0,14,0
etu,2026-06-21,26,52,2,40,7,1,3.0,10,1
female_ward,2026-06-10,56,61,80,0,9,1,3.0,14,0
female_ward,2026-06-11,64,76,51,99,13,5,2.0,19,1
family_medical_clinic,2026-06-15,41,62,49,48,3,0,1.0,19,1
psychiatrist_clinic,2026-06-23,16,68,26,20,5,1,1.0,10,0
male_ward,2026-06-07,40,74,70,56,11,5,3.0,1,1
female_ward,2026-06-08,42,97,4,67,12,4,3.0,19,1
family_medical_clinic,2026-06-12,15,77,75,38,3,4,1.0,10,1
male_ward,2026-06-05,38,82,28,81,14,0,1.0,25,1
family_medical_clinic,2026-06-04,32,63,29,85,9,2,3.0,29,1
opd,2026-06-27,40,56,55,86,17,3,1.0,16,1
female_ward,2026-06-06,42,30,79,19,15,5,1.0,2,1
etu,2026-06-24,61,5,31,87,12,5,1.0,17,0
female_ward,2026-06-13,33,81,43,61,17,2,2.0,1,1
female_ward,2026-06-12,28,5,39,21,1,1,1.0,17,1
opd,2026-06-23,47,87,31,9,8,2,1.0,9,1
male_ward,2026-06-24,81,68,92,56,11,5,1.0,28,1
male_ward,2026-06-22,86,93,68,65,8,4,3.0,4,1
etu,2026-06-16,24,22,70,81,15,5,2.0,28,1
etu,2026-06-02,42,95,38,79,4,4,2.0,21,0
psychiatrist_clinic,2026-06-28,63,50,33,68,13,2,3.0,4,1
male_ward,2026-06-08,10,7,82,67,5,1,2.0,3,1
female_ward,2026-06-26,4,67,50,45,13,2,1.0,16,1
etu,2026-06-07,6,37,40,67,13,4,1.0,16,1
opd,2026-06-15,6,43,14,28,2,3,3.0,18,1
family_medical_clinic,2026-06-02,33,0,18,5,3,0,1.0,8,0
male_ward,2026-06-25,61,7,23,48,4,2,1.0,14,1
etu,2026-06-02,79,49,47,68,17,0,2.0,15,1
female_ward,2026-06-10,11,89,43,70,5,2,2.0,2,1
male_ward,2026-06-19,63,56,92,60,3,4,3.0,26,1
etu,2026-06-03,37,51,96,20,2,4,2.0,3,1
female_ward,2026-06-11,18,11,28,3,11,4,2.0,18,1
psychiatrist_clinic,2026-06-04,59,93,1,20,12,4,2.0,3,1
female_ward,2026-06-24,29,24,52,27,17,2,1.0,22,1
psychiatrist_clinic,2026-06-27,75,71,79,21,19,3,1.0,28,1
etu,2026-06-02,18,92,47,44,5,2,2.0,21,1
opd,2026-06-09,29,60,59,48,10,5,1.0,27,1
opd,2026-06-13,38,60,90,57,11,5,1.0,24,1
opd,2026-06-05,65,86,25,5,13,0,2.0,25,1
female_ward,2026-06-27,73,70,2,61,17,5,2.0,27,1
opd,2026-06-26,62,15,72,73,15,5,3.0,14,1
etu,2026-06-28,66,9,31,14,11,1,2.0,15,0
male_ward,2026-06-26,91,30,29,34,4,4,3.0,15,1
etu,2026-06-23,37,56,91,24,13,3,3.0,27,1
psychiatrist_clinic,2026-06-12,36,34,55,36,18,0,1.0,22,1
opd,2026-06-10,32,89,88,53,10,5,3.0,15,1
etu,2026-06-02,39,2,78,84,4,1,1.0,7,0
family_medical_clinic,2026-06-12,93,75,73,66,16,5,1.0,26,1
opd,2026-06-14,95,76,68,48,10,2,2.0,8,1
male_ward,2026-06-13,3,23,69,40,3,4,3.0,9,1
female_ward,2026-06-10,4,89,96,6,18,3,2.0,26,1
female_ward,2026-06-15,64,20,90,91,5,0,3.0,1,0
psychiatrist_clinic,2026-06-06,22,77,91,50,3,2,2.0,7,1
female_ward,2026-06-27,91,10,31,98,11,3,3.0,12,0
psychiatrist_clinic,2026-06-28,54,3,18,25,18,4,2.0,18,1
psychiatrist_clinic,2026-06-12,34,40,26,50,6,0,1.0,7,1
etu,2026-06-23,11,83,59,18,6,2,2.0,9,1
family_medical_clinic,2026-06-02,74,30,0,15,19,0,2.0,30,1
female_ward,2026-06-02,6,93,96,74,4,4,3.0,10,1
male_ward,2026-06-06,30,55,39,12,16,4,3.0,25,1
family_medical_clinic,2026-06-16,42,85,52,90,7,4,3.0,15,1
family_medical_clinic,2026-06-07,22,55,73,12,16,4,1.0,15,1
family_medical_clinic,2026-06-03,30,79,24,86,8,0,3.0,30,1
psychiatrist_clinic,2026-06-10,35,67,90,17,18,1,1.0,15,0
psychiatrist_clinic,2026-06-17,67,98,19,10,8,3,3.0,28,1
opd,2026-06-26,99,42,26,52,16,4,1.0,25,1
etu,2026-06-11,18,47,27,63,20,0,1.0,20,1
etu,2026-06-17,29,41,29,54,0,1,2.0,3,1
psychiatrist_clinic,2026-06-01,18,22,99,69,2,2,2.0,13,1
male_ward,2026-06-16,75,43,51,12,13,5,3.0,19,1
opd,2026-06-19,6,22,27,11,12,0,1.0,10,1
family_medical_clinic,2026-06-03,12,59,57,67,16,3,2.0,7,1
etu,2026-06-01,21,96,28,49,20,4,1.0,4,1
psychiatrist_clinic,2026-06-23,94,74,9,50,1,5,3.0,30,1
opd,2026-06-23,4,23,1,94,18,3,3.0,5,1
family_medical_clinic,2026-06-06,83,29,36,30,2,3,1.0,29,1
opd,2026-06-20,0,51,99,70,3,2,1.0,20,1
family_medical_clinic,2026-06-02,39,35,43,78,7,0,3.0,21,1
etu,2026-06-24,87,4,10,24,5,0,3.0,14,0
opd,2026-06-20,47,59,64,57,16,4,2.0,4,1
male_ward,2026-06-01,80,20,41,24,11,3,1.0,19,1
family_medical_clinic,2026-06-11,67,45,78,70,13,3,2.0,29,1
etu,2026-06-12,92,4,35,63,0,1,2.0,7,0
male_ward,2026-06-15,90,42,30,26,15,0,3.0,20,1
psychiatrist_clinic,2026-06-05,84,1,95,33,8,1,1.0,27,0
female_ward,2026-06-06,10,67,11,17,3,2,3.0,27,1
etu,2026-06-16,30,83,57,58,10,0,1.0,26,1
female_ward,2026-06-17,74,65,42,57,3,3,3.0,15,1
female_ward,2026-06-23,34,21,83,52,18,2,3.0,16,1
male_ward,2026-06-01,92,38,53,64,0,0,2.0,19,0
etu,2026-06-25,48,58,36,39,1,2,2.0,29,1
male_ward,2026-06-13,34,45,66,7,20,4,2.0,12,1
family_medical_clinic,2026-06-19,30,26,97,62,19,2,1.0,25,1
female_ward,2026-06-25,8,93,52,10,8,5,1.0,4,1
etu,2026-06-19,88,47,86,90,20,4,3.0,23,1
opd,2026-06-01,85,8,6,52,9,3,1.0,1,1
etu,2026-06-04,22,33,31,18,19,0,1.0,27,1
opd,2026-06-28,55,27,23,85,2,2,2.0,12,1
family_medical_clinic,2026-06-25,12,25,27,39,19,5,1.0,26,1
etu,2026-06-15,74,32,36,0,0,2,1.0,20,1
opd,2026-06-13,75,34,42,19,14,2,1.0,1,1
opd,2026-06-14,39,25,24,60,12,4,2.0,9,1
family_medical_clinic,2026-06-09,83,25,28,46,8,0,1.0,2,0
female_ward,2026-06-06,89,88,51,92,17,3,2.0,12,1
female_ward,2026-06-27,54,18,75,82,5,0,3.0,2,0
etu,2026-06-15,53,23,80,61,9,0,1.0,27,0
psychiatrist_clinic,2026-06-09,68,37,51,5,17,2,2.0,24,1
female_ward,2026-06-19,83,86,39,48,2,0,1.0,25,0
etu,2026-06-21,6,19,28,63,3,3,2.0,28,1
psychiatrist_clinic,2026-06-06,29,79,20,98,3,1,1.0,6,1
family_medical_clinic,2026-06-13,11,31,89,59,15,4,3.0,22,1
female_ward,2026-06-28,81,44,37,34,9,2,1.0,23,1
psychiatrist_clinic,2026-06-25,30,27,91,82,3,3,3.0,1,0
family_medical_clinic,2026-06-05,61,0,34,99,10,4,1.0,20,0
male_ward,2026-06-08,67,83,88,2,11,2,3.0,22,1
female_ward,2026-06-14,54,79,79,32,2,4,1.0,17,1
female_ward,2026-06-13,67,37,81,69,12,3,2.0,21,1
etu,2026-06-06,39,32,88,50,10,2,3.0,12,1
family_medical_clinic,2026-06-26,27,99,16,40,7,4,1.0,17,1
male_ward,2026-06-05,69,52,65,92,9,0,1.0,25,0
female_ward,2026-06-14,48,80,17,27,11,1,3.0,14,1
family_medical_clinic,2026-06-06,64,94,78,99,20,3,1.0,30,0
family_medical_clinic,2026-06-26,79,30,0,85,3,5,1.0,2,1
psychiatrist_clinic,2026-06-20,29,86,47,40,12,4,3.0,12,1
family_medical_clinic,2026-06-23,27,19,32,47,6,0,2.0,15,1
opd,2026-06-07,96,43,72,35,18,4,1.0,16,0
opd,2026-06-18,78,3,78,11,0,0,1.0,25,0
psychiatrist_clinic,2026-06-12,54,50,74,42,3,0,1.0,18,0
psychiatrist_clinic,2026-06-28,58,37,25,78,12,2,3.0,3,1
opd,2026-06-13,97,92,47,40,7,5,1.0,28,1
family_medical_clinic,2026-06-24,98,15,49,32,19,1,2.0,9,0
family_medical_clinic,2026-06-19,83,91,89,82,20,3,1.0,15,0
etu,2026-06-22,52,88,99,86,13,0,3.0,11,1
female_ward,2026-06-21,2,35,91,55,10,2,3.0,25,1
family_medical_clinic,2026-06-01,3,58,94,86,17,4,3.0,4,1
etu,2026-06-18,83,27,93,63,13,0,2.0,26,0
male_ward,2026-06-07,87,47,82,81,0,3,1.0,1,0
etu,2026-06-03,33,92,13,31,11,2,3.0,28,1
family_medical_clinic,2026-06-01,5,12,19,78,5,3,2.0,18,1
opd,2026-06-18,31,78,83,66,8,4,3.0,25,1
male_ward,2026-06-10,86,66,24,76,16,5,2.0,15,1
male_ward,2026-06-25,71,34,1,18,0,5,1.0,29,1
opd,2026-06-14,87,84,56,96,14,4,3.0,19,1
female_ward,2026-06-24,96,65,42,38,10,5,1.0,8,1
family_medical_clinic,2026-06-14,23,82,47,25,18,4,3.0,6,1
male_ward,2026-06-06,66,4,1,2,2,5,2.0,26,1
etu,2026-06-21,55,7,85,45,11,4,2.0,14,1
female_ward,2026-06-10,91,80,78,11,6,5,3.0,3,1
male_ward,2026-06-22,17,74,10,10,13,0,3.0,27,0
male_ward,2026-06-18,95,75,12,32,6,5,1.0,25,1
family_medical_clinic,2026-06-10,54,33,17,74,15,3,2.0,7,1
psychiatrist_clinic,2026-06-26,1,28,56,87,16,2,1.0,23,1
opd,2026-06-25,83,32,99,72,4,1,1.0,6,0
psychiatrist_clinic,2026-06-17,32,95,33,21,20,4,3.0,17,1
male_ward,2026-06-22,14,73,4,10,0,2,2.0,7,1
female_ward,2026-06-21,35,92,50,54,0,5,2.0,9,1
female_ward,2026-06-03,6,9,79,44,11,2,1.0,18,1
psychiatrist_clinic,2026-06-24,73,24,28,58,4,4,3.0,15,1
psychiatrist_clinic,2026-06-23,97,56,9,75,11,3,1.0,26,0
etu,2026-06-25,7,51,60,80,3,3,2.0,2,1
psychiatrist_clinic,2026-06-28,35,44,62,99,14,5,1.0,5,1
psychiatrist_clinic,2026-06-14,93,76,6,5,18,1,2.0,26,1
family_medical_clinic,2026-06-08,15,52,60,88,17,5,1.0,2,1
male_ward,2026-06-28,27,68,36,26,16,0,3.0,30,0
female_ward,2026-06-04,45,49,88,33,16,1,2.0,9,1
etu,2026-06-18,54,70,72,35,0,3,3.0,18,1
family_medical_clinic,2026-06-17,3,48,84,55,5,2,1.0,12,1
opd,2026-06-25,98,97,78,73,20,1,1.0,15,0
opd,2026-06-22,48,46,76,90,6,0,2.0,3,0
male_ward,2026-06-28,76,81,78,48,8,2,1.0,18,1
family_medical_clinic,2026-06-04,85,89,20,21,0,2,1.0,15,1
female_ward,2026-06-19,67,33,78,77,3,4,2.0,3,0
female_ward,2026-06-10,18,56,5,14,13,5,2.0,26,1
family_medical_clinic,2026-06-07,4,70,84,72,10,2,3.0,27,1
female_ward,2026-06-26,57,80,9,43,13,5,1.0,17,1
psychiatrist_clinic,2026-06-03,19,60,66,11,11,2,1.0,26,1
family_medical_clinic,2026-06-03,63,84,65,35,12,3,1.0,10,1
male_ward,2026-06-18,18,56,91,3,7,5,3.0,11,1
psychiatrist_clinic,2026-06-02,43,13,27,56,11,3,1.0,18,1
opd,2026-06-10,12,79,17,90,8,0,1.0,11,1
female_ward,2026-06-21,54,79,54,35,14,4,2.0,11,1
family_medical_clinic,2026-06-04,83,45,95,50,8,0,2.0,27,0
male_ward,2026-06-07,13,74,52,32,3,3,1.0,20,1
family_medical_clinic,2026-06-22,92,43,73,85,16,5,1.0,21,0
etu,2026-06-09,80,98,84,92,0,0,3.0,3,0
family_medical_clinic,2026-06-11,36,49,5,1,4,3,3.0,15,1
family_medical_clinic,2026-06-08,65,43,57,71,12,4,3.0,17,1
psychiatrist_clinic,2026-06-26,49,28,17,49,20,0,1.0,1,1
family_medical_clinic,2026-06-23,89,3,69,60,16,1,2.0,17,1
male_ward,2026-06-09,82,28,80,1,6,3,3.0,19,1
female_ward,2026-06-26,1,69,73,45,11,4,3.0,5,1
opd,2026-06-10,5,22,86,64,2,0,3.0,13,0
opd,2026-06-16,69,73,71,42,8,3,1.0,8,1
psychiatrist_clinic,2026-06-21,90,46,7,33,3,3,3.0,5,1
female_ward,2026-06-15,43,99,37,42,6,0,3.0,18,1
opd,2026-06-11,29,51,1,41,8,1,2.0,16,1
psychiatrist_clinic,2026-06-25,58,56,43,96,19,3,2.0,12,1
female_ward,2026-06-04,33,80,66,27,10,1,1.0,14,0
etu,2026-06-25,42,77,98,57,17,0,2.0,27,1
psychiatrist_clinic,2026-06-05,43,36,57,26,1,3,1.0,21,1
male_ward,2026-06-21,69,74,50,50,0,5,1.0,14,1
family_medical_clinic,2026-06-26,48,82,88,64,1,3,1.0,25,0
female_ward,2026-06-17,15,1,82,51,18,5,2.0,6,1
female_ward,2026-06-05,98,67,35,73,5,1,1.0,2,0
female_ward,2026-06-14,28,31,55,37,1,3,1.0,27,1
male_ward,2026-06-22,30,80,6,83,4,3,3.0,24,0
female_ward,2026-06-20,91,87,19,0,9,2,1.0,19,1
etu,2026-06-04,83,74,8,7,6,1,1.0,13,0
psychiatrist_clinic,2026-06-19,67,53,7,68,5,3,2.0,12,0
opd,2026-06-20,15,45,88,95,18,2,1.0,30,0
male_ward,2026-06-01,0,22,22,31,14,0,1.0,29,1
psychiatrist_clinic,2026-06-17,41,99,68,57,10,2,3.0,12,1
family_medical_clinic,2026-06-01,38,34,84,26,2,0,1.0,4,0
etu,2026-06-28,66,28,55,91,5,5,3.0,24,0
female_ward,2026-06-13,98,4,41,38,9,4,3.0,18,1
family_medical_clinic,2026-06-13,83,84,5,22,19,4,1.0,27,1
male_ward,2026-06-15,27,88,63,58,14,5,3.0,10,1
family_medical_clinic,2026-06-17,21,99,13,82,4,5,2.0,15,1
opd,2026-06-07,14,33,13,99,12,1,1.0,19,1
psychiatrist_clinic,2026-06-17,50,21,33,99,0,5,2.0,25,1
female_ward,2026-06-27,10,62,97,74,9,0,1.0,13,0
etu,2026-06-04,46,43,81,36,8,5,3.0,18,1
female_ward,2026-06-01,93,51,31,33,6,1,1.0,10,0
psychiatrist_clinic,2026-06-02,58,58,58,71,10,5,2.0,5,1
female_ward,2026-06-09,56,25,5,78,11,5,2.0,14,1
family_medical_clinic,2026-06-04,24,8,10,99,0,3,3.0,22,1
opd,2026-06-26,19,13,90,35,3,2,3.0,3,1
male_ward,2026-06-20,85,46,64,32,9,0,3.0,12,0
family_medical_clinic,2026-06-07,16,35,34,86,8,5,1.0,27,1
psychiatrist_clinic,2026-06-04,50,90,60,21,1,0,2.0,1,1
family_medical_clinic,2026-06-15,94,22,23,21,5,2,2.0,20,1
male_ward,2026-06-10,45,32,55,94,18,2,2.0,10,1
family_medical_clinic,2026-06-15,88,12,23,79,9,1,3.0,3,0
opd,2026-06-24,95,50,48,23,3,0,3.0,17,0
opd,2026-06-04,67,30,75,9,16,2,1.0,12,1
etu,2026-06-09,3,97,83,24,8,3,2.0,7,1
opd,2026-06-11,30,58,33,36,0,5,3.0,2,1
psychiatrist_clinic,2026-06-19,38,68,96,94,12,0,1.0,1,0
male_ward,2026-06-19,3,98,1,16,18,2,3.0,30,1
psychiatrist_clinic,2026-06-24,19,20,34,33,16,1,1.0,14,1
male_ward,2026-06-03,66,33,60,90,6,4,1.0,16,0
female_ward,2026-06-25,67,11,98,73,10,5,1.0,22,0
family_medical_clinic,2026-06-22,78,34,3,45,7,1,1.0,8,0
family_medical_clinic,2026-06-09,13,37,4,61,19,2,3.0,30,1
family_medical_clinic,2026-06-28,18,83,34,28,16,3,2.0,11,1
female_ward,2026-06-08,49,90,48,65,19,1,3.0,19,1
male_ward,2026-06-06,80,61,37,75,4,2,2.0,26,1
opd,2026-06-18,85,99,77,28,9,0,2.0,30,0
opd,2026-06-22,97,98,26,56,18,1,3.0,30,1
male_ward,2026-06-24,8,38,43,57,4,3,1.0,9,1
psychiatrist_clinic,2026-06-25,63,62,62,10,8,5,3.0,8,1
male_ward,2026-06-07,70,59,90,4,19,3,1.0,25,1
female_ward,2026-06-13,31,83,81,24,4,2,1.0,3,1
male_ward,2026-06-10,33,87,55,92,17,3,2.0,13,1
family_medical_clinic,2026-06-19,28,57,94,9,15,4,2.0,27,1
psychiatrist_clinic,2026-06-04,39,54,82,13,20,2,3.0,13,1
opd,2026-06-19,6,4,82,13,3,1,1.0,29,0
psychiatrist_clinic,2026-06-06,24,99,46,34,16,5,1.0,8,1
opd,2026-06-03,60,33,22,63,4,3,1.0,25,1
male_ward,2026-06-17,80,30,98,7,7,5,2.0,10,1
etu,2026-06-14,4,36,64,97,10,3,3.0,12,1
opd,2026-06-03,53,11,67,6,13,0,3.0,22,1
family_medical_clinic,2026-06-15,26,82,42,78,16,3,3.0,7,1
male_ward,2026-06-03,3,18,21,24,5,3,2.0,16,1
psychiatrist_clinic,2026-06-19,69,65,32,64,20,2,3.0,24,1
female_ward,2026-06-27,41,40,58,11,20,5,3.0,8,1
family_medical_clinic,2026-06-13,67,68,9,82,13,4,3.0,2,1
family_medical_clinic,2026-06-18,19,99,78,2,20,2,2.0,1,1
psychiatrist_clinic,2026-06-02,24,36,89,58,19,3,3.0,10,1
male_ward,2026-06-01,21,31,3,25,11,5,3.0,8,1
family_medical_clinic,2026-06-12,93,71,91,2,5,0,3.0,15,0
opd,2026-06-27,44,55,80,43,0,1,3.0,4,0
family_medical_clinic,2026-06-05,0,43,32,5,3,4,1.0,12,1
family_medical_clinic,2026-06-11,26,46,19,40,18,1,2.0,17,1
female_ward,2026-06-19,52,57,96,32,14,1,2.0,22,1
male_ward,2026-06-14,79,80,57,42,6,4,2.0,13,1
male_ward,2026-06-25,21,93,9,95,4,1,1.0,11,1
psychiatrist_clinic,2026-06-04,63,69,15,41,14,4,2.0,22,1
female_ward,2026-06-04,57,57,47,34,14,4,1.0,3,1
opd,2026-06-07,90,59,54,35,19,0,3.0,1,1
opd,2026-06-20,69,57,64,77,6,0,3.0,16,0
psychiatrist_clinic,2026-06-06,61,42,96,35,10,4,2.0,6,1
psychiatrist_clinic,2026-06-16,39,37,64,16,14,4,3.0,17,1
male_ward,2026-06-26,17,82,21,22,3,4,2.0,10,1
psychiatrist_clinic,2026-06-17,86,98,72,78,0,1,3.0,5,0
psychiatrist_clinic,2026-06-26,42,99,89,6,19,5,1.0,7,1
opd,2026-06-10,73,87,75,43,7,3,3.0,4,1
opd,2026-06-26,80,0,50,29,15,5,2.0,14,1
opd,2026-06-12,18,74,46,87,8,4,1.0,8,1
female_ward,2026-06-01,13,29,87,88,16,2,1.0,23,0
family_medical_clinic,2026-06-05,34,7,32,59,3,3,3.0,9,1
opd,2026-06-15,90,44,21,58,0,0,1.0,13,1
etu,2026-06-28,85,58,68,74,10,4,1.0,14,1
psychiatrist_clinic,2026-06-22,80,93,76,65,9,2,2.0,19,1
male_ward,2026-06-12,56,23,21,92,6,3,1.0,15,1
female_ward,2026-06-01,15,26,77,20,2,2,2.0,29,1
male_ward,2026-06-04,30,30,24,97,9,3,1.0,7,1
opd,2026-06-25,80,69,14,47,0,4,1.0,24,1
psychiatrist_clinic,2026-06-02,19,22,43,67,15,3,2.0,25,1
opd,2026-06-03,60,86,24,97,19,4,3.0,4,1
male_ward,2026-06-08,17,69,68,71,9,3,3.0,5,1
male_ward,2026-06-06,52,66,70,81,9,1,2.0,11,0
opd,2026-06-17,10,36,60,17,1,4,2.0,28,1
female_ward,2026-06-25,1,39,30,41,19,1,2.0,6,1
female_ward,2026-06-09,9,31,48,62,11,4,3.0,8,1
female_ward,2026-06-10,77,75,12,1,5,1,2.0,21,0
male_ward,2026-06-24,67,11,27,43,3,0,3.0,19,0
psychiatrist_clinic,2026-06-25,80,6,42,30,0,0,1.0,17,0
etu,2026-06-14,7,22,75,50,15,5,2.0,20,1
family_medical_clinic,2026-06-22,26,42,45,50,11,3,3.0,3,1
psychiatrist_clinic,2026-06-20,72,10,66,76,12,5,2.0,3,0
male_ward,2026-06-01,77,37,52,69,0,2,1.0,10,1
male_ward,2026-06-07,27,41,25,83,1,5,3.0,29,1
family_medical_clinic,2026-06-24,54,34,93,53,13,1,3.0,19,1
female_ward,2026-06-03,56,16,91,93,7,2,1.0,12,0
opd,2026-06-06,11,83,94,80,16,4,1.0,26,0
family_medical_clinic,2026-06-16,48,47,47,60,2,2,2.0,17,1
psychiatrist_clinic,2026-06-24,64,13,46,58,15,3,1.0,14,1
opd,2026-06-17,35,10,33,97,16,3,2.0,21,1
family_medical_clinic,2026-06-01,26,64,35,91,2,1,2.0,23,1
etu,2026-06-15,86,95,90,34,11,2,2.0,22,1
opd,2026-06-26,87,22,48,99,19,5,1.0,8,0
family_medical_clinic,2026-06-23,54,44,98,34,16,5,2.0,3,1
male_ward,2026-06-12,23,43,32,86,5,2,2.0,5,1
psychiatrist_clinic,2026-06-25,50,86,41,95,11,4,2.0,10,1
male_ward,2026-06-03,36,14,40,49,16,5,3.0,19,1
etu,2026-06-14,27,72,50,66,16,3,3.0,21,1
etu,2026-06-04,16,30,89,98,1,1,3.0,8,0
male_ward,2026-06-15,28,42,23,61,18,1,1.0,29,1
opd,2026-06-20,55,91,84,19,10,5,2.0,18,1
male_ward,2026-06-02,88,83,90,59,1,3,1.0,22,1
family_medical_clinic,2026-06-13,23,19,91,28,13,0,2.0,16,1
male_ward,2026-06-09,30,49,84,89,2,1,1.0,7,0
family_medical_clinic,2026-06-23,41,59,88,13,6,4,2.0,20,1
opd,2026-06-02,23,41,15,32,6,2,2.0,4,1
female_ward,2026-06-06,70,51,11,31,0,1,3.0,15,0
etu,2026-06-09,27,67,44,14,1,5,1.0,7,1
psychiatrist_clinic,2026-06-16,12,5,91,68,15,5,2.0,26,1
psychiatrist_clinic,2026-06-15,83,13,49,2,13,0,2.0,25,1
psychiatrist_clinic,2026-06-01,49,61,44,18,5,3,2.0,17,1
etu,2026-06-22,85,29,20,0,7,5,2.0,26,1
family_medical_clinic,2026-06-12,46,17,38,69,19,3,3.0,13,1
family_medical_clinic,2026-06-13,83,75,28,61,0,2,1.0,11,1
etu,2026-06-19,73,44,71,55,15,3,2.0,20,0
family_medical_clinic,2026-06-12,37,22,11,45,8,5,1.0,18,1
opd,2026-06-27,92,80,40,30,9,3,2.0,10,1
male_ward,2026-06-17,12,74,69,4,1,1,2.0,18,0
male_ward,2026-06-14,66,96,14,20,10,4,3.0,20,1
female_ward,2026-06-04,17,66,77,18,10,4,1.0,7,1
family_medical_clinic,2026-06-14,2,41,30,87,7,4,2.0,20,1
female_ward,2026-06-20,42,92,39,45,4,5,1.0,15,1
family_medical_clinic,2026-06-24,79,43,58,3,16,0,2.0,26,1
psychiatrist_clinic,2026-06-10,36,1,66,21,7,3,1.0,3,1
etu,2026-06-05,58,54,84,62,6,0,3.0,6,0
female_ward,2026-06-18,62,91,81,89,5,1,3.0,14,0
etu,2026-06-22,53,89,50,92,11,1,3.0,6,1
male_ward,2026-06-17,96,32,0,90,13,2,3.0,26,1
male_ward,2026-06-19,32,18,24,30,3,0,2.0,23,1
male_ward,2026-06-11,52,73,7,34,0,1,3.0,16,1
male_ward,2026-06-05,86,47,33,27,16,0,2.0,24,1
female_ward,2026-06-18,22,70,93,74,0,1,1.0,14,0
female_ward,2026-06-25,80,90,58,74,15,0,1.0,15,0
female_ward,2026-06-08,20,41,62,18,5,2,3.0,2,1
etu,2026-06-26,56,1,15,77,7,3,2.0,11,1
male_ward,2026-06-25,41,59,82,81,9,3,3.0,26,0
opd,2026-06-28,55,76,90,37,17,0,3.0,26,1
psychiatrist_clinic,2026-06-06,13,53,93,64,20,2,2.0,30,1
etu,2026-06-07,0,5,89,45,14,1,1.0,15,0
etu,2026-06-12,10,22,84,22,6,2,2.0,18,1
etu,2026-06-26,52,93,98,95,16,3,3.0,14,1
family_medical_clinic,2026-06-09,50,44,90,64,16,4,2.0,6,1
etu,2026-06-02,91,65,2,89,3,4,2.0,20,0
male_ward,2026-06-13,7,55,39,16,17,5,3.0,28,1
male_ward,2026-06-21,89,59,94,72,5,5,2.0,21,1
psychiatrist_clinic,2026-06-13,92,55,35,38,9,1,1.0,6,0
male_ward,2026-06-22,5,73,71,37,9,0,1.0,29,0
psychiatrist_clinic,2026-06-15,27,80,0,39,8,1,2.0,20,1
male_ward,2026-06-21,78,24,33,14,4,4,1.0,15,1
etu,2026-06-17,44,98,79,57,11,2,2.0,14,1
opd,2026-06-18,56,75,3,81,12,2,3.0,3,1
female_ward,2026-06-19,74,65,61,43,13,5,2.0,2,1
female_ward,2026-06-19,98,52,88,4,13,0,1.0,24,0
female_ward,2026-06-05,47,46,11,25,0,4,2.0,16,1
male_ward,2026-06-25,17,61,73,70,12,2,2.0,25,1
psychiatrist_clinic,2026-06-26,20,24,65,86,7,4,2.0,9,0
male_ward,2026-06-07,48,11,83,93,6,2,1.0,16,0
male_ward,2026-06-04,28,95,43,45,6,2,3.0,6,0
psychiatrist_clinic,2026-06-24,93,6,41,57,8,4,1.0,12,1
family_medical_clinic,2026-06-26,37,60,48,96,20,5,1.0,28,1
family_medical_clinic,2026-06-11,40,26,51,70,15,4,1.0,22,1
etu,2026-06-22,51,16,71,50,6,5,2.0,11,1
psychiatrist_clinic,2026-06-09,47,24,12,74,4,0,3.0,4,1
psychiatrist_clinic,2026-06-22,20,69,33,79,9,2,3.0,21,1
psychiatrist_clinic,2026-06-07,31,59,14,82,7,5,1.0,17,1
family_medical_clinic,2026-06-19,22,94,97,29,2,4,1.0,14,1
male_ward,2026-06-17,64,7,80,38,7,5,1.0,22,1
male_ward,2026-06-23,70,99,22,30,10,0,3.0,7,0
female_ward,2026-06-08,79,19,47,44,11,4,1.0,4,1
female_ward,2026-06-22,53,10,19,66,20,5,2.0,11,1
female_ward,2026-06-07,98,91,25,55,15,1,2.0,18,1
opd,2026-06-18,31,44,2,53,2,1,1.0,3,1
etu,2026-06-16,59,52,32,55,9,4,2.0,4,1
family_medical_clinic,2026-06-15,99,61,32,60,11,5,1.0,25,1
opd,2026-06-06,66,27,37,59,10,1,3.0,11,0
opd,2026-06-26,45,99,25,6,5,0,1.0,5,1
male_ward,2026-06-20,63,90,56,48,7,5,3.0,24,1
etu,2026-06-20,77,10,19,38,13,2,3.0,7,0
female_ward,2026-06-13,81,48,7,63,0,3,1.0,26,1
male_ward,2026-06-08,8,55,24,30,18,2,1.0,27,1
psychiatrist_clinic,2026-06-02,35,87,48,9,14,5,1.0,6,1
male_ward,2026-06-20,94,40,83,99,18,4,3.0,27,1
male_ward,2026-06-07,98,17,1,46,17,0,2.0,24,1
male_ward,2026-06-17,66,61,86,8,3,0,3.0,8,0
female_ward,2026-06-04,56,9,18,89,5,0,1.0,6,1
family_medical_clinic,2026-06-21,22,1,99,4,1,5,2.0,27,1
opd,2026-06-04,59,61,23,5,15,5,2.0,18,1
etu,2026-06-12,29,63,94,95,15,3,2.0,24,1
male_ward,2026-06-05,49,69,11,45,14,4,2.0,6,1
male_ward,2026-06-04,93,61,41,33,1,2,1.0,16,1
male_ward,2026-06-23,69,4,71,64,10,1,2.0,28,0
female_ward,2026-06-27,8,62,79,59,8,4,2.0,22,1
opd,2026-06-14,30,67,12,17,3,3,2.0,26,1
opd,2026-06-22,33,41,40,32,10,0,3.0,28,1
female_ward,2026-06-04,47,10,82,50,4,4,1.0,15,1
opd,2026-06-07,2,89,92,20,0,0,3.0,11,0
male_ward,2026-06-21,16,15,57,87,17,5,1.0,20,0
opd,2026-06-17,34,18,3,60,0,0,3.0,24,1
family_medical_clinic,2026-06-14,67,3,12,17,6,3,3.0,22,1
opd,2026-06-17,67,87,94,83,12,3,2.0,20,0
female_ward,2026-06-26,19,88,34,77,3,3,1.0,21,1
opd,2026-06-24,48,27,3,27,19,1,1.0,28,1
male_ward,2026-06-22,96,47,37,2,15,3,2.0,1,1
psychiatrist_clinic,2026-06-21,59,22,27,24,14,3,1.0,25,1
psychiatrist_clinic,2026-06-04,30,28,13,64,5,0,1.0,25,0
family_medical_clinic,2026-06-28,87,26,22,81,15,1,2.0,5,1
female_ward,2026-06-16,31,58,67,63,11,4,3.0,19,1
family_medical_clinic,2026-06-25,11,75,83,7,20,4,2.0,18,1
male_ward,2026-06-05,4,35,74,30,20,5,2.0,2,1
family_medical_clinic,2026-06-19,11,82,22,52,17,4,1.0,27,1
psychiatrist_clinic,2026-06-02,49,43,2,20,5,4,1.0,3,1
family_medical_clinic,2026-06-09,93,25,60,86,13,2,1.0,29,0
male_ward,2026-06-09,61,61,94,98,15,4,3.0,13,1
etu,2026-06-15,99,99,22,17,18,4,1.0,9,1
psychiatrist_clinic,2026-06-22,39,37,78,44,3,3,2.0,19,1
psychiatrist_clinic,2026-06-15,21,71,43,16,13,5,1.0,30,1
male_ward,2026-06-12,62,9,61,65,9,0,3.0,25,0
family_medical_clinic,2026-06-14,94,28,78,34,1,2,3.0,9,1
female_ward,2026-06-20,54,94,34,91,4,2,3.0,30,1
male_ward,2026-06-03,3,11,25,7,11,3,3.0,14,1
female_ward,2026-06-08,80,47,37,95,7,2,2.0,25,1
male_ward,2026-06-02,6,16,0,90,20,0,1.0,17,1
psychiatrist_clinic,2026-06-12,42,21,30,95,16,5,2.0,19,1
male_ward,2026-06-19,48,16,70,82,15,4,2.0,9,1
family_medical_clinic,2026-06-21,3,58,43,39,4,4,1.0,8,1
family_medical_clinic,2026-06-02,12,95,40,28,11,1,3.0,17,1
male_ward,2026-06-03,39,95,13,91,9,0,1.0,1,1
male_ward,2026-06-10,99,91,38,52,7,2,2.0,9,1
opd,2026-06-10,56,40,29,53,14,2,1.0,27,1
family_medical_clinic,2026-06-05,20,84,78,55,7,0,3.0,28,0
etu,2026-06-16,15,66,46,39,20,0,1.0,17,1
etu,2026-06-18,94,80,15,24,12,1,3.0,13,0
psychiatrist_clinic,2026-06-19,48,62,77,95,7,5,1.0,28,0
family_medical_clinic,2026-06-06,99,27,84,34,11,3,3.0,21,1
etu,2026-06-20,37,6,32,63,20,5,3.0,7,1
female_ward,2026-06-01,10,46,36,66,1,4,2.0,6,1
psychiatrist_clinic,2026-06-21,61,47,30,76,16,5,3.0,12,1
male_ward,2026-06-21,60,68,96,4,14,4,3.0,4,1
male_ward,2026-06-09,59,56,23,85,16,0,1.0,1,1
psychiatrist_clinic,2026-06-28,15,17,11,65,7,0,3.0,30,1
opd,2026-06-27,70,44,89,77,3,1,2.0,30,0
male_ward,2026-06-16,22,23,26,35,0,0,3.0,11,1
psychiatrist_clinic,2026-06-11,7,46,10,2,9,2,2.0,17,1
family_medical_clinic,2026-06-18,62,43,8,31,18,0,2.0,27,1
etu,2026-06-28,21,29,91,15,20,3,2.0,19,1
female_ward,2026-06-27,40,12,56,17,18,3,3.0,26,1
opd,2026-06-06,7,6,93,9,11,4,3.0,4,1
psychiatrist_clinic,2026-06-24,1,7,70,13,8,3,1.0,10,1
male_ward,2026-06-08,37,84,64,46,13,2,2.0,27,0
male_ward,2026-06-03,9,47,80,46,15,1,1.0,10,0
family_medical_clinic,2026-06-02,36,3,65,14,9,0,3.0,12,0
etu,2026-06-14,5,94,56,90,1,2,2.0,16,1
etu,2026-06-07,34,56,41,25,18,2,2.0,7,1
opd,2026-06-10,26,54,60,12,3,2,3.0,11,1
male_ward,2026-06-13,43,34,68,52,5,5,2.0,24,1
psychiatrist_clinic,2026-06-10,25,31,15,83,1,4,1.0,18,1
female_ward,2026-06-19,7,10,43,67,15,4,2.0,10,1
male_ward,2026-06-12,52,86,75,1,16,4,3.0,26,0
opd,2026-06-06,24,21,72,89,10,0,3.0,15,0
female_ward,2026-06-28,65,46,35,17,12,1,2.0,23,0
etu,2026-06-02,68,93,23,61,7,5,3.0,21,1
etu,2026-06-10,67,71,59,31,2,0,2.0,13,0
male_ward,2026-06-26,4,14,72,85,15,2,3.0,21,1
psychiatrist_clinic,2026-06-07,90,98,31,61,8,5,1.0,27,1
etu,2026-06-28,73,52,49,29,16,0,3.0,5,1
etu,2026-06-25,22,72,24,92,19,3,3.0,25,1
etu,2026-06-23,44,92,63,82,8,0,1.0,11,1
female_ward,2026-06-11,94,40,91,57,20,3,1.0,17,1
psychiatrist_clinic,2026-06-11,6,26,49,82,20,3,3.0,27,1
female_ward,2026-06-11,3,66,70,3,0,3,2.0,24,1
male_ward,2026-06-12,84,88,44,62,11,0,3.0,9,0
opd,2026-06-09,60,82,7,62,15,5,3.0,7,1
opd,2026-06-26,46,54,51,41,19,5,2.0,16,1
family_medical_clinic,2026-06-02,2,35,79,54,1,1,3.0,13,0
opd,2026-06-15,13,77,38,32,18,2,2.0,13,1
opd,2026-06-08,44,85,71,22,20,4,1.0,6,1
etu,2026-06-18,64,20,91,90,17,0,3.0,6,1
etu,2026-06-26,17,72,26,40,9,3,2.0,4,1
family_medical_clinic,2026-06-25,55,23,18,92,6,3,2.0,25,1
opd,2026-06-17,78,66,17,90,6,0,3.0,25,0
psychiatrist_clinic,2026-06-13,88,14,68,70,17,2,2.0,19,1
opd,2026-06-04,26,33,24,94,3,4,2.0,22,0
male_ward,2026-06-26,2,85,25,19,15,2,3.0,25,0
psychiatrist_clinic,2026-06-23,54,34,21,95,17,0,2.0,24,1
etu,2026-06-14,78,56,72,15,18,0,2.0,17,1
psychiatrist_clinic,2026-06-18,15,93,68,67,1,0,3.0,8,0
psychiatrist_clinic,2026-06-23,85,68,96,50,2,3,2.0,16,1
psychiatrist_clinic,2026-06-21,55,3,1,1,18,5,3.0,11,1
etu,2026-06-19,31,89,33,26,1,4,1.0,13,1
male_ward,2026-06-15,84,41,88,26,6,1,3.0,2,0
family_medical_clinic,2026-06-26,68,10,77,72,9,3,3.0,8,1
male_ward,2026-06-08,84,13,26,4,9,5,2.0,27,1
family_medical_clinic,2026-06-25,59,9,52,30,4,5,2.0,8,1
male_ward,2026-06-21,55,41,33,68,18,1,3.0,14,1
female_ward,2026-06-02,31,12,5,91,2,2,1.0,14,1
family_medical_clinic,2026-06-25,24,2,45,83,19,2,2.0,8,1
etu,2026-06-13,20,15,47,57,11,5,3.0,22,1
female_ward,2026-06-11,5,83,62,52,8,4,2.0,3,1
female_ward,2026-06-09,7,18,14,4,15,1,1.0,16,1
female_ward,2026-06-24,2,56,83,8,4,5,3.0,25,1
female_ward,2026-06-17,61,87,26,17,19,3,1.0,16,1
psychiatrist_clinic,2026-06-08,97,16,22,70,8,0,2.0,29,0
opd,2026-06-13,97,38,14,39,13,5,1.0,5,1
female_ward,2026-06-19,9,57,68,98,11,3,3.0,26,0
psychiatrist_clinic,2026-06-10,57,90,86,67,15,1,1.0,1,0
opd,2026-06-28,89,33,6,54,6,0,2.0,14,1
psychiatrist_clinic,2026-06-27,47,18,79,65,11,5,1.0,14,1
male_ward,2026-06-08,86,67,13,98,20,2,3.0,3,1
psychiatrist_clinic,2026-06-18,44,93,35,94,8,4,2.0,21,1
male_ward,2026-06-22,67,50,72,40,3,1,1.0,4,0
family_medical_clinic,2026-06-04,72,51,24,24,18,3,3.0,17,1
female_ward,2026-06-08,92,20,18,7,7,0,1.0,19,0
etu,2026-06-07,15,56,9,11,0,4,1.0,25,1
female_ward,2026-06-24,95,21,47,53,12,5,3.0,30,1
male_ward,2026-06-02,5,78,23,38,17,3,1.0,21,1
psychiatrist_clinic,2026-06-25,64,59,61,72,11,3,1.0,13,1
male_ward,2026-06-08,27,16,24,17,17,0,2.0,8,1
psychiatrist_clinic,2026-06-06,43,83,92,64,8,5,1.0,14,1
female_ward,2026-06-20,14,10,50,14,19,3,2.0,16,1
male_ward,2026-06-14,56,65,59,90,19,2,2.0,17,1
female_ward,2026-06-24,17,26,70,84,4,2,1.0,29,0
male_ward,2026-06-08,62,3,3,44,1,1,1.0,25,1
psychiatrist_clinic,2026-06-28,48,24,99,38,15,3,2.0,5,1
opd,2026-06-12,68,5,52,5,2,0,2.0,17,0
opd,2026-06-24,77,23,95,89,0,1,3.0,5,0
psychiatrist_clinic,2026-06-28,10,6,39,50,8,4,2.0,24,1
male_ward,2026-06-27,27,52,32,19,17,1,2.0,28,1
male_ward,2026-06-17,68,92,87,18,5,0,1.0,17,0
psychiatrist_clinic,2026-06-19,54,57,41,46,14,2,1.0,4,1
opd,2026-06-20,1,93,40,35,15,5,3.0,20,1
male_ward,2026-06-05,2,14,60,46,11,0,3.0,6,1
psychiatrist_clinic,2026-06-03,53,32,24,27,9,1,3.0,30,1
psychiatrist_clinic,2026-06-16,17,79,33,64,14,2,2.0,11,1
etu,2026-06-15,62,96,66,12,0,0,3.0,20,0
opd,2026-06-17,76,97,64,17,16,1,2.0,24,1
opd,2026-06-04,68,0,5,29,11,5,1.0,1,0
opd,2026-06-08,27,91,25,1,6,5,2.0,9,1
psychiatrist_clinic,2026-06-20,55,29,86,69,6,0,3.0,7,0
etu,2026-06-23,81,72,26,36,1,5,2.0,7,1
psychiatrist_clinic,2026-06-25,5,22,15,12,1,4,3.0,7,1
family_medical_clinic,2026-06-11,44,47,20,91,20,0,1.0,7,1
etu,2026-06-20,85,16,80,74,0,0,2.0,12,0
opd,2026-06-03,74,66,49,24,1,5,1.0,13,0
etu,2026-06-27,9,13,76,64,0,2,2.0,8,1
family_medical_clinic,2026-06-11,46,64,71,6,20,3,1.0,2,1
family_medical_clinic,2026-06-19,18,87,47,67,10,2,2.0,8,1
etu,2026-06-10,83,62,73,4,7,1,2.0,28,0
psychiatrist_clinic,2026-06-28,12,43,53,27,2,0,3.0,8,1
male_ward,2026-06-24,61,51,69,6,12,1,2.0,30,0
family_medical_clinic,2026-06-08,59,3,64,60,16,0,1.0,18,1
etu,2026-06-28,7,15,45,6,11,0,1.0,10,1
female_ward,2026-06-03,55,68,21,74,2,4,2.0,16,1
male_ward,2026-06-07,38,16,36,2,2,5,3.0,3,0
etu,2026-06-07,65,94,64,57,8,5,1.0,1,1
etu,2026-06-17,19,31,89,9,9,2,3.0,22,0
family_medical_clinic,2026-06-21,91,9,42,43,17,3,2.0,14,1
opd,2026-06-20,81,62,11,76,4,1,2.0,27,0
family_medical_clinic,2026-06-23,8,94,22,56,10,2,3.0,20,1
psychiatrist_clinic,2026-06-27,11,26,19,28,1,3,1.0,15,1
male_ward,2026-06-25,59,25,65,34,12,3,1.0,4,1
family_medical_clinic,2026-06-08,9,85,28,15,11,2,3.0,1,1
family_medical_clinic,2026-06-03,17,12,31,76,12,0,1.0,30,1
male_ward,2026-06-09,35,98,62,71,2,5,1.0,2,1
opd,2026-06-14,21,56,14,5,9,0,1.0,27,1
etu,2026-06-09,41,28,31,87,0,3,2.0,10,1
male_ward,2026-06-24,23,93,55,18,14,1,2.0,5,1
psychiatrist_clinic,2026-06-02,28,90,47,78,7,2,3.0,27,1
opd,2026-06-13,32,95,22,60,8,5,3.0,24,1
etu,2026-06-05,50,18,27,3,14,5,1.0,17,0
male_ward,2026-06-04,30,70,28,37,0,5,2.0,26,1
family_medical_clinic,2026-06-15,22,89,54,89,0,4,1.0,9,0
female_ward,2026-06-09,55,15,75,25,11,0,3.0,6,0
etu,2026-06-07,25,97,61,75,0,5,2.0,5,1
etu,2026-06-24,53,27,96,32,1,4,2.0,16,1
psychiatrist_clinic,2026-06-20,40,92,8,50,6,2,2.0,30,1
opd,2026-06-01,77,59,9,1,11,3,1.0,12,1
opd,2026-06-25,59,43,85,56,2,4,3.0,7,1
female_ward,2026-06-15,10,65,27,99,5,4,2.0,28,1
family_medical_clinic,2026-06-18,35,73,67,72,8,2,1.0,3,1
female_ward,2026-06-06,80,80,24,82,0,1,1.0,20,0
etu,2026-06-07,26,29,59,6,13,2,1.0,26,0
etu,2026-06-19,35,45,73,0,1,5,3.0,27,1
female_ward,2026-06-03,48,49,40,3,10,2,1.0,28,1
psychiatrist_clinic,2026-06-20,42,91,71,71,20,2,3.0,24,1
etu,2026-06-21,34,59,41,68,20,0,2.0,21,1
psychiatrist_clinic,2026-06-23,34,45,42,17,0,1,1.0,15,1
opd,2026-06-17,33,73,74,58,12,3,2.0,22,1
family_medical_clinic,2026-06-09,26,27,92,37,10,3,3.0,3,1
male_ward,2026-06-10,39,9,27,84,9,1,2.0,14,1
male_ward,2026-06-02,78,71,81,88,12,2,2.0,2,0
opd,2026-06-20,68,91,59,26,18,2,2.0,30,1
psychiatrist_clinic,2026-06-14,61,4,96,76,3,3,3.0,5,0
female_ward,2026-06-10,6,50,84,53,2,3,3.0,13,1
etu,2026-06-03,55,14,21,0,4,3,2.0,22,1
family_medical_clinic,2026-06-15,45,84,56,1,5,4,1.0,25,1
psychiatrist_clinic,2026-06-23,33,39,2,0,4,5,3.0,24,1
male_ward,2026-06-15,47,53,48,45,1,5,2.0,25,1
family_medical_clinic,2026-06-15,77,39,44,90,14,1,2.0,22,1
female_ward,2026-06-02,88,85,67,14,5,4,2.0,25,1
psychiatrist_clinic,2026-06-17,19,42,5,87,16,4,3.0,30,1
family_medical_clinic,2026-06-11,60,7,33,47,13,4,2.0,22,1
female_ward,2026-06-24,48,12,81,13,4,0,2.0,21,0
psychiatrist_clinic,2026-06-27,36,50,58,97,18,3,2.0,16,1
male_ward,2026-06-07,42,33,51,38,14,0,1.0,22,1
female_ward,2026-06-03,42,44,0,53,13,1,3.0,28,1
etu,2026-06-21,29,24,68,56,20,0,3.0,4,1
psychiatrist_clinic,2026-06-20,36,52,14,38,19,4,2.0,1,0
opd,2026-06-18,20,53,31,60,20,1,3.0,23,1
etu,2026-06-13,93,52,99,57,6,3,2.0,21,1
psychiatrist_clinic,2026-06-02,12,35,63,73,15,0,3.0,15,1
opd,2026-06-04,88,63,1,56,0,0,1.0,4,0
opd,2026-06-08,34,87,94,2,14,0,2.0,14,0
female_ward,2026-06-19,47,71,89,29,20,1,2.0,12,1
family_medical_clinic,2026-06-07,24,89,40,14,18,0,3.0,3,1
female_ward,2026-06-09,85,31,51,63,16,4,1.0,13,1
psychiatrist_clinic,2026-06-25,14,51,88,69,7,5,1.0,2,1
psychiatrist_clinic,2026-06-12,6,61,29,2,14,1,2.0,17,1
etu,2026-06-23,81,28,24,10,14,0,1.0,10,0
male_ward,2026-06-23,9,80,76,6,18,5,2.0,29,1
psychiatrist_clinic,2026-06-05,92,63,1,12,15,2,1.0,12,1
etu,2026-06-27,31,33,39,41,2,0,1.0,26,1
opd,2026-06-08,38,52,25,28,0,3,2.0,17,1
family_medical_clinic,2026-06-09,20,99,94,82,14,4,3.0,10,1
female_ward,2026-06-10,14,21,80,28,7,2,1.0,16,1
male_ward,2026-06-25,16,62,6,63,5,4,1.0,11,1
psychiatrist_clinic,2026-06-24,6,24,48,24,6,5,1.0,11,1
etu,2026-06-04,95,94,48,35,17,1,1.0,25,0
female_ward,2026-06-06,94,2,62,67,0,0,2.0,25,0
psychiatrist_clinic,2026-06-17,76,50,14,10,1,4,2.0,4,1
opd,2026-06-01,91,18,85,2,14,2,3.0,17,1
family_medical_clinic,2026-06-03,55,66,92,66,8,0,1.0,18,0
male_ward,2026-06-18,31,90,45,61,1,0,2.0,18,1
family_medical_clinic,2026-06-21,82,13,68,53,18,4,2.0,13,1
family_medical_clinic,2026-06-17,66,11,38,54,2,4,2.0,26,1
male_ward,2026-06-11,82,78,74,61,6,0,2.0,24,0
opd,2026-06-14,50,49,46,10,14,0,3.0,13,1
family_medical_clinic,2026-06-18,42,47,81,23,2,0,2.0,20,0
female_ward,2026-06-28,61,5,62,13,4,3,2.0,21,1
male_ward,2026-06-23,49,2,82,46,12,4,3.0,17,1
opd,2026-06-10,22,53,55,35,11,4,2.0,17,1
etu,2026-06-14,72,36,32,71,12,5,2.0,10,1
psychiatrist_clinic,2026-06-19,83,93,51,51,3,3,2.0,22,1
male_ward,2026-06-07,20,39,81,78,11,0,2.0,30,0
psychiatrist_clinic,2026-06-26,0,51,29,31,13,2,3.0,14,1
etu,2026-06-10,32,30,60,40,12,0,3.0,11,1
female_ward,2026-06-18,34,91,92,15,16,1,2.0,11,1
opd,2026-06-20,49,57,42,25,3,0,3.0,18,1
etu,2026-06-07,61,47,6,27,13,3,1.0,26,1
etu,2026-06-17,90,91,26,59,12,5,2.0,13,1
family_medical_clinic,2026-06-24,56,14,72,76,3,1,3.0,17,0
etu,2026-06-18,14,40,95,13,12,4,2.0,4,1
family_medical_clinic,2026-06-25,11,35,10,79,13,2,1.0,6,1
etu,2026-06-16,61,43,78,76,14,3,3.0,19,1
opd,2026-06-26,96,90,2,37,6,1,1.0,8,0
etu,2026-06-12,57,65,38,91,8,0,2.0,26,1
female_ward,2026-06-24,16,99,74,36,14,0,2.0,24,1
male_ward,2026-06-26,64,79,93,25,4,1,3.0,21,1
male_ward,2026-06-14,47,14,98,43,11,3,1.0,22,1
etu,2026-06-06,43,50,21,71,12,4,1.0,18,1
etu,2026-06-02,93,7,90,70,19,4,3.0,10,1
female_ward,2026-06-20,32,36,65,16,1,1,1.0,23,0
etu,2026-06-11,82,30,40,25,1,1,2.0,12,0
family_medical_clinic,2026-06-11,10,35,91,48,19,0,3.0,16,1
etu,2026-06-09,16,79,93,21,11,1,3.0,7,0
etu,2026-06-09,89,31,91,95,20,4,3.0,14,1
opd,2026-06-21,17,69,87,17,18,4,3.0,22,1
psychiatrist_clinic,2026-06-26,35,64,46,44,16,0,2.0,3,1
etu,2026-06-19,75,27,31,51,7,0,3.0,13,0
family_medical_clinic,2026-06-23,48,87,57,44,15,4,2.0,20,1
psychiatrist_clinic,2026-06-17,28,39,31,50,1,1,3.0,12,1
male_ward,2026-06-20,18,73,51,17,13,5,1.0,2,1
family_medical_clinic,2026-06-06,1,62,41,25,19,0,1.0,8,1
psychiatrist_clinic,2026-06-02,0,25,46,32,18,3,2.0,20,1
family_medical_clinic,2026-06-21,24,57,5,72,13,2,2.0,13,1
female_ward,2026-06-14,35,69,11,10,11,1,3.0,12,1
opd,2026-06-24,87,62,3,36,8,3,2.0,19,1
opd,2026-06-23,57,44,38,73,0,3,2.0,30,1
female_ward,2026-06-03,75,41,30,22,11,3,3.0,9,1
family_medical_clinic,2026-06-07,77,61,59,18,1,1,1.0,9,0
etu,2026-06-01,24,48,28,13,7,1,1.0,27,1
etu,2026-06-01,6,96,82,7,11,1,2.0,8,0
etu,2026-06-05,10,63,16,45,0,2,2.0,3,1
female_ward,2026-06-06,59,58,82,17,1,3,3.0,22,1
etu,2026-06-12,6,75,59,81,17,5,2.0,20,1
etu,2026-06-25,13,36,9,27,10,5,1.0,15,1
male_ward,2026-06-21,19,65,68,95,4,0,2.0,26,0
male_ward,2026-06-24,36,24,93,17,20,0,2.0,3,1
male_ward,2026-06-20,95,59,93,52,7,5,2.0,27,1
family_medical_clinic,2026-06-21,13,81,71,37,1,2,3.0,29,1
psychiatrist_clinic,2026-06-23,0,77,75,48,1,5,3.0,8,0
psychiatrist_clinic,2026-06-28,12,20,57,47,9,5,2.0,2,1
family_medical_clinic,2026-06-20,10,34,78,68,5,1,3.0,25,0
female_ward,2026-06-04,65,53,39,28,0,5,3.0,28,1
opd,2026-06-22,90,11,13,76,4,1,3.0,26,0
etu,2026-06-06,67,80,54,35,0,4,3.0,11,1
male_ward,2026-06-24,94,57,9,17,19,3,2.0,20,1
opd,2026-06-05,62,59,44,8,14,0,1.0,25,0
opd,2026-06-22,69,84,61,77,14,5,1.0,1,0
male_ward,2026-06-09,2,73,3,57,6,4,2.0,17,0
family_medical_clinic,2026-06-24,69,72,91,50,9,1,3.0,21,0
family_medical_clinic,2026-06-23,28,64,60,67,14,2,1.0,8,1
female_ward,2026-06-25,49,43,0,51,5,3,3.0,3,1
etu,2026-06-27,49,80,1,79,1,0,1.0,24,1
female_ward,2026-06-13,95,3,88,27,18,1,2.0,17,1
psychiatrist_clinic,2026-06-01,86,42,72,16,18,1,1.0,22,0
etu,2026-06-17,94,32,85,83,17,4,3.0,21,1
etu,2026-06-22,99,59,50,32,9,3,2.0,7,0
etu,2026-06-15,92,51,95,49,11,5,3.0,13,0
family_medical_clinic,2026-06-23,28,59,43,13,3,3,3.0,5,1
opd,2026-06-28,80,34,0,62,7,4,3.0,9,1
psychiatrist_clinic,2026-06-20,83,89,50,16,17,3,2.0,1,1
family_medical_clinic,2026-06-05,42,99,21,63,15,5,2.0,29,1
opd,2026-06-01,84,73,58,94,20,4,3.0,18,1
psychiatrist_clinic,2026-06-25,14,32,55,59,4,5,1.0,14,1
opd,2026-06-09,31,59,64,27,0,4,1.0,28,1
male_ward,2026-06-06,96,84,43,56,11,4,2.0,7,1
psychiatrist_clinic,2026-06-03,62,2,18,76,19,3,3.0,19,1
family_medical_clinic,2026-06-10,36,55,45,86,2,0,1.0,19,1
female_ward,2026-06-13,54,90,15,74,7,4,1.0,13,1
female_ward,2026-06-03,81,7,54,68,9,4,2.0,9,1
opd,2026-06-07,98,32,81,40,2,4,3.0,29,1
etu,2026-06-06,51,55,29,92,5,5,2.0,19,1
male_ward,2026-06-15,44,21,55,68,18,4,2.0,18,1
male_ward,2026-06-23,69,2,10,27,1,1,3.0,18,0
etu,2026-06-01,98,72,20,12,5,5,3.0,6,1
family_medical_clinic,2026-06-27,5,48,31,41,2,5,1.0,25,1
etu,2026-06-17,5,22,40,82,4,0,3.0,1,1
family_medical_clinic,2026-06-03,69,47,12,89,3,2,1.0,26,1
male_ward,2026-06-07,70,51,25,35,4,3,3.0,15,1
opd,2026-06-24,39,74,14,43,10,4,3.0,25,1
family_medical_clinic,2026-06-26,68,5,70,50,11,3,2.0,10,1
male_ward,2026-06-01,28,96,48,0,6,3,3.0,14,1
opd,2026-06-11,79,12,73,70,2,4,3.0,28,1
etu,2026-06-15,85,84,80,23,15,3,3.0,15,1
opd,2026-06-14,32,39,29,43,16,1,2.0,2,1
female_ward,2026-06-18,26,97,86,99,14,3,3.0,16,1
family_medical_clinic,2026-06-21,20,3,27,5,3,4,1.0,19,1
psychiatrist_clinic,2026-06-18,65,41,27,18,3,5,2.0,15,1
male_ward,2026-06-18,24,87,57,38,2,5,1.0,15,1
family_medical_clinic,2026-06-02,10,31,36,56,6,5,1.0,18,1
psychiatrist_clinic,2026-06-07,80,65,59,28,10,1,2.0,5,0
opd,2026-06-09,1,27,73,42,10,0,3.0,22,0
opd,2026-06-28,99,94,54,20,14,3,2.0,2,1
etu,2026-06-19,2,39,80,85,5,5,3.0,19,0
psychiatrist_clinic,2026-06-01,17,21,75,35,10,3,1.0,24,1
etu,2026-06-15,86,42,99,85,18,5,3.0,30,1
opd,2026-06-12,3,37,25,5,6,0,1.0,1,0
opd,2026-06-08,96,13,86,5,5,5,2.0,7,0
male_ward,2026-06-05,37,99,18,43,1,5,1.0,17,1
opd,2026-06-11,39,7,68,92,4,4,3.0,8,0
opd,2026-06-09,78,94,41,26,7,1,3.0,7,0
female_ward,2026-06-05,40,46,34,37,6,1,2.0,14,1
family_medical_clinic,2026-06-20,33,57,4,13,16,5,2.0,13,1
female_ward,2026-06-19,4,53,30,26,9,1,3.0,8,1
psychiatrist_clinic,2026-06-02,76,15,42,14,19,1,1.0,26,0
opd,2026-06-10,74,7,87,83,17,3,2.0,6,1
male_ward,2026-06-07,26,27,64,92,12,2,1.0,16,1
female_ward,2026-06-27,7,55,14,23,11,2,3.0,18,1
psychiatrist_clinic,2026-06-12,27,50,40,87,15,1,2.0,15,1
psychiatrist_clinic,2026-06-27,76,62,47,1,13,5,1.0,16,1
etu,2026-06-26,58,69,54,6,11,4,2.0,28,1
family_medical_clinic,2026-06-16,69,94,45,25,2,4,1.0,25,1
male_ward,2026-06-17,14,81,7,10,3,3,1.0,13,1
female_ward,2026-06-02,72,99,62,17,7,3,2.0,21,1
psychiatrist_clinic,2026-06-09,46,98,5,78,10,3,1.0,4,1
female_ward,2026-06-24,42,27,75,13,8,4,2.0,20,1
opd,2026-06-18,33,3,10,2,11,5,1.0,17,0
female_ward,2026-06-06,16,44,47,68,16,5,3.0,1,1
female_ward,2026-06-26,3,49,28,52,0,5,2.0,6,1
psychiatrist_clinic,2026-06-06,42,9,24,4,11,4,1.0,19,1
family_medical_clinic,2026-06-25,98,83,83,66,13,0,2.0,7,1
family_medical_clinic,2026-06-14,47,35,88,63,15,1,3.0,2,1
psychiatrist_clinic,2026-06-14,58,23,71,86,20,0,3.0,11,1
psychiatrist_clinic,2026-06-09,75,2,21,71,5,3,1.0,19,1
female_ward,2026-06-06,3,96,43,78,7,4,3.0,24,1
female_ward,2026-06-14,96,21,93,61,19,1,2.0,7,1
male_ward,2026-06-17,6,53,86,24,12,5,2.0,14,1
female_ward,2026-06-06,12,92,58,42,11,0,3.0,27,1
psychiatrist_clinic,2026-06-23,48,98,26,75,11,4,1.0,30,1
male_ward,2026-06-24,93,89,87,9,0,4,1.0,10,1
opd,2026-06-18,36,35,74,50,2,3,3.0,28,1
family_medical_clinic,2026-06-08,19,2,2,62,2,1,2.0,11,1
family_medical_clinic,2026-06-25,71,3,58,33,14,1,3.0,9,1
male_ward,2026-06-23,0,68,45,39,6,2,3.0,9,1
psychiatrist_clinic,2026-06-28,22,81,49,61,10,0,3.0,25,1
psychiatrist_clinic,2026-06-21,11,7,46,99,7,0,2.0,22,1
psychiatrist_clinic,2026-06-07,7,77,59,3,2,1,2.0,9,1
opd,2026-06-07,69,30,9,46,14,5,2.0,5,1
etu,2026-06-13,22,57,57,44,6,2,1.0,8,1
family_medical_clinic,2026-06-01,81,43,82,73,15,4,3.0,28,1
female_ward,2026-06-07,90,4,13,89,4,4,1.0,3,0
male_ward,2026-06-28,1,60,93,28,1,2,2.0,19,1
family_medical_clinic,2026-06-24,28,37,3,25,1,3,3.0,14,1
opd,2026-06-06,53,18,52,12,9,3,2.0,14,1
female_ward,2026-06-12,74,23,36,18,13,1,3.0,24,1
psychiatrist_clinic,2026-06-23,10,75,44,32,17,4,2.0,30,1
family_medical_clinic,2026-06-24,61,36,68,94,10,2,2.0,1,0
etu,2026-06-12,66,79,45,41,2,5,1.0,20,1
opd,2026-06-22,56,24,15,45,1,1,2.0,21,1
etu,2026-06-12,74,16,61,9,15,3,1.0,14,1
opd,2026-06-10,95,18,97,14,18,2,3.0,5,1
family_medical_clinic,2026-06-19,70,66,71,74,6,3,1.0,21,1
opd,2026-06-28,96,59,69,18,1,2,3.0,5,1
opd,2026-06-15,15,81,18,34,7,4,3.0,20,1
male_ward,2026-06-01,32,9,20,93,10,3,1.0,14,1
female_ward,2026-06-24,79,71,74,19,1,4,2.0,20,1
psychiatrist_clinic,2026-06-27,66,83,33,67,15,0,3.0,1,1
opd,2026-06-12,84,54,19,38,4,2,2.0,1,1
psychiatrist_clinic,2026-06-20,50,7,91,7,7,0,1.0,13,0
male_ward,2026-06-22,46,40,80,72,4,1,1.0,19,0
family_medical_clinic,2026-06-07,21,8,6,99,9,4,2.0,14,1
female_ward,2026-06-23,94,64,80,6,13,5,3.0,8,1
psychiatrist_clinic,2026-06-28,39,37,1,33,14,0,2.0,2,1
male_ward,2026-06-10,99,97,37,33,6,5,1.0,22,1
female_ward,2026-06-14,69,75,7,1,3,2,3.0,17,1
male_ward,2026-06-06,15,10,46,65,18,0,2.0,17,1
opd,2026-06-16,74,88,27,74,8,3,3.0,30,1
etu,2026-06-04,76,44,81,95,8,5,3.0,21,0
psychiatrist_clinic,2026-06-24,7,23,66,64,15,3,3.0,27,1
etu,2026-06-18,66,86,17,71,16,1,2.0,7,1
etu,2026-06-28,55,72,10,17,12,2,3.0,17,1
opd,2026-06-19,68,51,20,83,13,5,2.0,25,1
family_medical_clinic,2026-06-14,15,9,87,2,10,1,1.0,29,0
male_ward,2026-06-01,95,97,90,46,1,1,2.0,11,0
opd,2026-06-05,72,37,17,15,10,0,2.0,21,0
family_medical_clinic,2026-06-10,97,98,33,20,10,3,2.0,3,1
psychiatrist_clinic,2026-06-23,73,42,79,73,11,5,1.0,11,1
etu,2026-06-09,97,57,48,8,20,4,3.0,14,1
female_ward,2026-06-14,30,38,24,47,5,2,2.0,12,0
psychiatrist_clinic,2026-06-05,72,95,63,76,1,0,1.0,9,0
female_ward,2026-06-14,11,74,35,4,13,2,2.0,5,1
opd,2026-06-23,67,74,9,62,7,2,2.0,3,1
etu,2026-06-11,9,83,8,93,10,5,1.0,20,1
male_ward,2026-06-13,35,46,75,60,2,5,2.0,16,1
female_ward,2026-06-18,95,56,61,4,10,1,2.0,17,0
etu,2026-06-10,28,38,4,49,6,0,3.0,6,1
family_medical_clinic,2026-06-18,79,36,4,38,18,4,1.0,17,1
male_ward,2026-06-28,14,43,46,44,4,2,3.0,23,1
opd,2026-06-21,85,88,87,88,10,2,2.0,6,0
psychiatrist_clinic,2026-06-21,14,93,66,36,14,0,3.0,18,1
family_medical_clinic,2026-06-02,39,78,25,1,11,3,1.0,25,1
psychiatrist_clinic,2026-06-20,81,26,71,62,14,5,1.0,13,1
psychiatrist_clinic,2026-06-23,44,59,39,26,18,4,1.0,15,1
family_medical_clinic,2026-06-01,15,87,94,41,18,4,2.0,21,1
opd,2026-06-21,18,42,43,21,13,1,2.0,5,1
family_medical_clinic,2026-06-12,71,67,13,93,11,5,1.0,25,0
family_medical_clinic,2026-06-02,35,7,89,51,17,2,3.0,26,1
opd,2026-06-26,43,23,64,59,3,0,1.0,20,1
psychiatrist_clinic,2026-06-26,3,68,46,29,16,5,2.0,3,0
opd,2026-06-14,23,27,66,53,10,0,1.0,11,0
opd,2026-06-07,83,95,71,66,13,0,1.0,5,0
male_ward,2026-06-03,3,5,87,17,9,3,3.0,19,1
psychiatrist_clinic,2026-06-24,32,10,32,6,4,5,1.0,4,1
male_ward,2026-06-20,74,42,99,9,18,2,2.0,12,0
family_medical_clinic,2026-06-23,6,55,76,21,4,4,1.0,20,1
female_ward,2026-06-28,46,32,15,34,2,2,1.0,16,1
etu,2026-06-05,79,64,78,14,2,3,1.0,29,1
etu,2026-06-24,88,1,48,60,4,0,3.0,24,0
etu,2026-06-15,66,7,70,97,1,1,3.0,20,0
psychiatrist_clinic,2026-06-07,17,55,13,14,4,2,1.0,14,1
etu,2026-06-20,22,1,53,58,2,2,3.0,7,1
family_medical_clinic,2026-06-21,92,65,43,50,7,3,1.0,26,1
etu,2026-06-21,21,98,45,9,14,5,2.0,25,1
psychiatrist_clinic,2026-06-23,62,21,47,5,5,0,1.0,2,0
male_ward,2026-06-28,4,48,97,0,2,5,2.0,18,0
female_ward,2026-06-24,71,66,72,92,5,2,2.0,5,0
opd,2026-06-27,50,62,86,81,19,5,2.0,7,1
family_medical_clinic,2026-06-23,77,87,5,89,9,4,3.0,24,0
opd,2026-06-04,6,69,94,67,11,4,1.0,23,0
opd,2026-06-09,96,47,32,93,16,5,1.0,18,0
male_ward,2026-06-08,4,40,21,47,13,1,2.0,27,1
psychiatrist_clinic,2026-06-02,39,18,23,66,6,5,2.0,7,1
opd,2026-06-27,64,23,88,37,1,3,1.0,26,1
family_medical_clinic,2026-06-05,92,38,88,56,18,2,1.0,4,1
etu,2026-06-15,1,22,98,35,7,3,3.0,19,1
family_medical_clinic,2026-06-04,49,15,36,71,6,0,2.0,26,1
psychiatrist_clinic,2026-06-09,12,33,6,6,1,3,2.0,18,1
opd,2026-06-05,79,37,53,32,5,1,2.0,13,0
etu,2026-06-20,52,96,36,53,11,2,2.0,2,1
female_ward,2026-06-18,26,89,68,33,5,5,3.0,24,1
etu,2026-06-15,90,48,33,97,2,2,2.0,16,0
family_medical_clinic,2026-06-25,50,67,40,76,11,4,2.0,21,1
male_ward,2026-06-27,93,12,23,49,6,4,3.0,17,1
opd,2026-06-07,27,18,30,45,20,0,1.0,5,1
opd,2026-06-14,6,83,13,99,4,4,3.0,5,0
female_ward,2026-06-13,86,87,13,20,14,4,2.0,6,1
psychiatrist_clinic,2026-06-20,62,16,45,24,11,1,3.0,14,0
male_ward,2026-06-21,14,26,62,12,10,1,2.0,27,1
family_medical_clinic,2026-06-17,96,91,44,22,18,0,3.0,13,1
male_ward,2026-06-08,80,81,20,38,1,0,2.0,13,0
male_ward,2026-06-04,67,51,38,85,0,3,1.0,14,0
psychiatrist_clinic,2026-06-08,81,91,76,89,3,3,2.0,19,0
etu,2026-06-15,42,54,60,35,16,0,3.0,4,1
etu,2026-06-09,18,75,26,2,0,1,1.0,28,0
male_ward,2026-06-07,98,39,89,5,4,2,2.0,27,1
female_ward,2026-06-25,4,75,16,66,11,5,1.0,19,1
female_ward,2026-06-24,0,37,22,57,1,1,3.0,11,1
opd,2026-06-04,40,26,50,26,2,0,2.0,23,1
family_medical_clinic,2026-06-04,61,43,45,56,7,5,3.0,21,1
etu,2026-06-24,15,29,46,69,16,3,2.0,17,1
psychiatrist_clinic,2026-06-16,62,68,2,79,3,1,2.0,25,0
etu,2026-06-04,49,21,88,94,8,2,1.0,13,0
male_ward,2026-06-17,66,99,0,28,15,2,1.0,21,1
psychiatrist_clinic,2026-06-28,44,60,38,9,11,5,2.0,10,1
male_ward,2026-06-05,30,81,17,27,0,1,3.0,5,1
psychiatrist_clinic,2026-06-20,21,49,49,48,18,0,3.0,15,1
female_ward,2026-06-05,63,23,6,85,8,5,2.0,22,0
family_medical_clinic,2026-06-24,82,47,53,2,0,3,2.0,20,1
family_medical_clinic,2026-06-03,63,18,30,62,11,3,3.0,25,1
etu,2026-06-23,41,99,17,35,16,2,3.0,6,1
etu,2026-06-14,40,0,62,67,4,3,2.0,17,1
male_ward,2026-06-27,48,91,49,78,2,1,2.0,27,1
psychiatrist_clinic,2026-06-23,0,88,91,22,15,1,3.0,22,1
male_ward,2026-06-09,75,83,37,73,4,5,1.0,17,1
psychiatrist_clinic,2026-06-01,43,91,96,99,0,4,3.0,15,0
psychiatrist_clinic,2026-06-25,60,37,49,23,7,5,2.0,7,1
male_ward,2026-06-28,4,61,47,69,5,3,3.0,23,1
psychiatrist_clinic,2026-06-05,6,16,15,56,16,5,3.0,10,1
psychiatrist_clinic,2026-06-10,70,43,3,85,2,4,3.0,16,0
etu,2026-06-05,40,1,99,54,16,4,1.0,10,1
opd,2026-06-20,83,4,60,27,9,4,1.0,20,1
male_ward,2026-06-22,28,90,79,87,1,2,1.0,9,0
etu,2026-06-12,90,10,44,86,19,3,2.0,9,1
psychiatrist_clinic,2026-06-03,2,32,84,44,19,1,3.0,16,1
etu,2026-06-21,45,90,86,22,18,3,2.0,5,1
male_ward,2026-06-13,88,20,80,49,3,0,1.0,9,0
opd,2026-06-10,0,79,93,36,1,5,1.0,4,1
male_ward,2026-06-26,29,62,30,83,2,2,2.0,23,1
etu,2026-06-08,84,67,39,96,7,4,3.0,2,0
male_ward,2026-06-11,93,61,69,27,12,4,1.0,16,1
female_ward,2026-06-12,86,4,61,50,10,3,2.0,6,1
opd,2026-06-01,77,65,46,75,13,1,2.0,20,1
opd,2026-06-18,50,33,16,27,1,1,2.0,27,1
female_ward,2026-06-03,9,16,54,31,18,0,3.0,5,0
opd,2026-06-27,54,19,21,91,14,3,1.0,20,1
etu,2026-06-19,82,57,1,64,17,0,1.0,12,0
opd,2026-06-20,0,92,73,56,11,5,1.0,4,0
female_ward,2026-06-08,89,90,16,1,19,5,2.0,12,1
family_medical_clinic,2026-06-07,39,10,41,76,15,4,3.0,8,1
psychiatrist_clinic,2026-06-04,25,79,93,59,7,3,1.0,30,1
psychiatrist_clinic,2026-06-25,47,56,26,19,18,1,3.0,19,1
female_ward,2026-06-10,92,49,70,48,14,5,1.0,27,0
female_ward,2026-06-19,56,58,44,66,19,1,1.0,20,1
female_ward,2026-06-23,52,44,8,3,3,5,3.0,26,1
male_ward,2026-06-25,90,88,35,70,14,0,3.0,1,1
etu,2026-06-19,36,47,38,99,6,1,3.0,8,1
psychiatrist_clinic,2026-06-02,68,44,38,8,11,2,2.0,1,1
opd,2026-06-13,76,88,4,26,17,5,1.0,12,0
psychiatrist_clinic,2026-06-03,57,72,44,31,13,3,1.0,23,1
family_medical_clinic,2026-06-16,63,68,90,72,3,2,2.0,28,1
opd,2026-06-25,57,68,14,16,3,1,3.0,18,1
etu,2026-06-21,70,16,29,41,9,3,1.0,13,1
opd,2026-06-25,73,20,86,92,19,1,3.0,18,1
etu,2026-06-26,63,34,28,55,6,2,1.0,13,1
etu,2026-06-18,77,52,3,1,13,5,1.0,19,1
etu,2026-06-08,56,49,37,11,10,5,1.0,18,1
psychiatrist_clinic,2026-06-17,21,31,16,96,15,4,2.0,18,1
female_ward,2026-06-13,97,66,53,29,7,4,2.0,9,1
opd,2026-06-26,82,47,34,57,0,1,1.0,28,0
etu,2026-06-23,34,39,3,8,14,2,2.0,22,1
psychiatrist_clinic,2026-06-28,25,96,44,89,11,1,2.0,1,1
male_ward,2026-06-04,52,99,38,63,7,1,2.0,7,1
family_medical_clinic,2026-06-02,2,93,32,76,16,5,3.0,16,1
etu,2026-06-10,57,17,17,80,17,4,2.0,2,1
female_ward,2026-06-16,22,27,34,6,3,1,1.0,21,1
psychiatrist_clinic,2026-06-12,11,21,62,2,17,5,2.0,12,1
psychiatrist_clinic,2026-06-19,59,92,39,26,4,0,3.0,7,1
female_ward,2026-06-16,68,49,3,42,19,3,1.0,17,1
male_ward,2026-06-23,79,2,81,43,13,3,1.0,25,1
female_ward,2026-06-03,47,91,93,18,0,1,1.0,9,0
male_ward,2026-06-05,30,1,88,65,14,3,1.0,9,1
male_ward,2026-06-13,88,18,86,59,20,1,2.0,17,1
etu,2026-06-18,91,25,82,75,19,5,1.0,30,0
male_ward,2026-06-10,57,23,73,83,12,2,1.0,16,0
male_ward,2026-06-20,62,17,14,96,5,3,3.0,5,0
male_ward,2026-06-12,11,55,50,25,20,1,3.0,10,1
etu,2026-06-27,32,92,21,87,6,3,2.0,19,1
psychiatrist_clinic,2026-06-02,89,78,46,20,13,0,2.0,5,1
male_ward,2026-06-14,46,14,3,68,14,0,1.0,1,1
opd,2026-06-25,91,73,58,99,12,0,1.0,15,0
family_medical_clinic,2026-06-16,17,42,71,37,1,5,2.0,12,1
male_ward,2026-06-15,24,70,95,84,4,5,2.0,10,0
male_ward,2026-06-09,87,93,11,97,0,4,3.0,22,0
opd,2026-06-05,15,27,89,70,4,0,2.0,28,0
family_medical_clinic,2026-06-06,27,44,89,20,2,0,3.0,10,0
male_ward,2026-06-08,29,74,6,79,18,5,1.0,2,1
female_ward,2026-06-25,89,30,4,63,10,0,3.0,16,0
etu,2026-06-23,55,65,34,45,10,3,1.0,11,1
male_ward,2026-06-15,12,18,90,2,17,5,3.0,18,1
male_ward,2026-06-20,88,36,71,66,8,1,2.0,30,0
female_ward,2026-06-08,60,80,46,8,3,4,1.0,27,1
family_medical_clinic,2026-06-27,1,4,52,44,6,4,2.0,11,1
female_ward,2026-06-21,31,12,84,4,10,0,3.0,26,0
male_ward,2026-06-07,35,37,40,79,16,3,2.0,30,1
family_medical_clinic,2026-06-01,95,91,93,83,2,1,3.0,26,0
etu,2026-06-26,8,51,28,12,5,0,1.0,6,1
family_medical_clinic,2026-06-14,85,82,47,87,13,2,2.0,15,1
family_medical_clinic,2026-06-14,11,84,19,55,14,4,3.0,16,1
family_medical_clinic,2026-06-11,72,24,97,85,10,0,1.0,23,0
etu,2026-06-20,17,29,70,20,1,3,2.0,6,1
etu,2026-06-17,15,59,3,55,11,2,2.0,17,1
psychiatrist_clinic,2026-06-07,33,19,24,51,16,3,1.0,8,1
psychiatrist_clinic,2026-06-18,96,69,37,56,20,5,2.0,21,1
psychiatrist_clinic,2026-06-19,90,47,96,64,12,3,1.0,12,1
etu,2026-06-08,50,2,16,0,10,1,3.0,15,1
male_ward,2026-06-21,89,2,15,64,18,5,2.0,10,1
psychiatrist_clinic,2026-06-13,26,55,79,44,10,0,3.0,19,0
opd,2026-06-18,49,58,97,42,19,2,1.0,3,1
family_medical_clinic,2026-06-02,64,20,32,20,6,5,3.0,25,1
opd,2026-06-25,11,69,0,89,9,0,2.0,3,1
female_ward,2026-06-04,23,5,38,44,14,4,1.0,30,1
male_ward,2026-06-28,74,45,44,86,6,4,1.0,27,0
female_ward,2026-06-08,80,23,99,66,16,5,1.0,29,1
family_medical_clinic,2026-06-04,58,60,68,54,5,5,3.0,3,1
female_ward,2026-06-22,40,81,39,78,14,4,3.0,8,1
male_ward,2026-06-10,57,24,88,71,1,5,3.0,12,1
male_ward,2026-06-15,73,21,47,34,15,5,1.0,25,1
family_medical_clinic,2026-06-15,45,33,77,78,8,3,1.0,30,0
psychiatrist_clinic,2026-06-07,48,49,63,20,10,1,2.0,20,0
opd,2026-06-26,46,34,35,92,1,5,1.0,11,0
male_ward,2026-06-17,75,30,69,30,4,3,2.0,25,1
psychiatrist_clinic,2026-06-05,32,66,38,50,17,3,2.0,19,1
family_medical_clinic,2026-06-15,9,37,15,19,18,4,3.0,4,1
psychiatrist_clinic,2026-06-01,29,89,77,83,15,0,1.0,21,0
etu,2026-06-16,61,28,74,16,10,0,3.0,20,0
female_ward,2026-06-02,74,4,70,86,14,2,1.0,6,0
psychiatrist_clinic,2026-06-21,12,8,3,18,10,3,3.0,13,1
family_medical_clinic,2026-06-18,88,88,32,67,1,1,2.0,18,0
family_medical_clinic,2026-06-17,86,78,83,83,19,4,1.0,18,0
family_medical_clinic,2026-06-11,36,20,70,56,11,5,2.0,16,1
opd,2026-06-28,6,21,12,49,16,0,3.0,19,1
female_ward,2026-06-10,58,31,33,77,11,5,3.0,11,1
female_ward,2026-06-20,57,84,40,97,17,5,1.0,13,1
male_ward,2026-06-22,67,56,45,17,0,4,1.0,24,1
etu,2026-06-13,49,74,51,24,6,4,1.0,22,1
family_medical_clinic,2026-06-06,52,52,41,9,17,2,2.0,1,1
opd,2026-06-24,24,49,57,71,13,2,3.0,3,1
female_ward,2026-06-11,98,80,54,75,3,2,1.0,26,0
male_ward,2026-06-21,68,77,49,96,6,5,1.0,3,0
female_ward,2026-06-08,80,36,82,4,15,4,2.0,30,1
psychiatrist_clinic,2026-06-22,90,19,66,75,20,2,1.0,29,0
family_medical_clinic,2026-06-24,57,87,72,98,8,2,1.0,3,0
psychiatrist_clinic,2026-06-17,38,4,20,34,6,0,3.0,5,1
female_ward,2026-06-26,7,39,56,47,10,2,2.0,8,1
male_ward,2026-06-18,89,44,38,26,1,3,3.0,25,1
opd,2026-06-07,4,72,71,53,1,2,3.0,27,1
female_ward,2026-06-20,6,55,17,84,6,5,3.0,21,1
male_ward,2026-06-10,30,58,53,31,0,0,1.0,14,1
male_ward,2026-06-28,6,15,78,58,9,1,1.0,10,0
female_ward,2026-06-16,71,89,47,28,10,3,1.0,13,1
etu,2026-06-16,92,14,30,21,17,0,3.0,26,1
male_ward,2026-06-26,16,33,52,38,9,3,3.0,17,1
etu,2026-06-12,40,58,56,8,6,1,2.0,23,1
opd,2026-06-13,57,9,88,85,14,0,3.0,14,1
male_ward,2026-06-14,69,83,4,23,20,0,1.0,11,0
psychiatrist_clinic,2026-06-04,19,32,49,40,8,3,1.0,8,1
family_medical_clinic,2026-06-17,26,63,88,20,4,1,3.0,7,0
psychiatrist_clinic,2026-06-02,37,93,57,74,2,5,2.0,15,1
opd,2026-06-11,0,71,63,43,13,3,2.0,19,1
male_ward,2026-06-21,82,66,23,24,12,3,3.0,25,1
male_ward,2026-06-19,32,42,58,93,0,5,2.0,1,1
male_ward,2026-06-23,94,40,75,61,13,5,2.0,18,0
etu,2026-06-03,47,67,17,67,6,1,1.0,29,1
male_ward,2026-06-22,10,38,77,74,17,1,3.0,7,1
etu,2026-06-27,72,84,56,26,1,0,3.0,28,1
opd,2026-06-08,76,80,97,75,13,4,1.0,4,1
family_medical_clinic,2026-06-26,39,18,20,66,13,5,2.0,21,0
male_ward,2026-06-02,70,57,8,62,5,0,1.0,22,0
family_medical_clinic,2026-06-05,70,12,84,60,1,3,1.0,1,1
etu,2026-06-04,2,38,21,68,0,3,2.0,30,1
psychiatrist_clinic,2026-06-03,0,61,48,61,13,0,3.0,21,1
male_ward,2026-06-23,13,16,51,37,2,0,2.0,14,1
female_ward,2026-06-04,79,85,85,94,10,2,3.0,16,0
male_ward,2026-06-09,77,69,52,39,6,4,2.0,10,1
female_ward,2026-06-19,11,57,48,20,3,5,3.0,8,1
male_ward,2026-06-22,13,76,70,40,6,5,1.0,11,1
female_ward,2026-06-26,86,62,33,54,14,1,1.0,16,0
etu,2026-06-05,66,60,28,52,1,5,1.0,2,1
family_medical_clinic,2026-06-22,67,6,27,46,20,3,2.0,29,1
female_ward,2026-06-20,82,59,35,12,4,3,1.0,10,1
male_ward,2026-06-05,65,10,67,78,12,2,3.0,7,0
psychiatrist_clinic,2026-06-18,48,19,55,34,11,4,2.0,18,1
psychiatrist_clinic,2026-06-08,56,45,68,43,15,5,2.0,30,1
family_medical_clinic,2026-06-11,14,67,83,74,7,2,3.0,11,1
psychiatrist_clinic,2026-06-09,88,31,3,10,16,4,2.0,29,1
male_ward,2026-06-16,36,14,77,30,6,1,3.0,9,0
etu,2026-06-23,64,57,3,22,6,2,1.0,19,1
etu,2026-06-19,19,43,90,75,10,3,1.0,9,0
male_ward,2026-06-16,2,13,53,95,15,4,2.0,13,1
psychiatrist_clinic,2026-06-24,39,23,94,16,1,4,3.0,5,1
opd,2026-06-13,43,39,48,9,15,1,3.0,17,1
etu,2026-06-20,18,48,41,61,11,1,3.0,5,1
opd,2026-06-18,33,37,55,7,14,3,3.0,25,1
family_medical_clinic,2026-06-25,24,89,20,92,10,3,1.0,20,1
etu,2026-06-11,37,52,64,73,6,0,2.0,1,1
female_ward,2026-06-02,20,93,43,92,16,3,1.0,17,1
family_medical_clinic,2026-06-22,38,1,52,8,10,2,1.0,29,1
male_ward,2026-06-17,98,73,68,21,1,2,3.0,4,1
psychiatrist_clinic,2026-06-01,34,30,44,7,13,3,1.0,12,1
psychiatrist_clinic,2026-06-19,2,49,63,28,19,2,1.0,15,1
female_ward,2026-06-06,55,21,61,9,0,1,2.0,29,1
family_medical_clinic,2026-06-25,53,28,42,65,7,0,3.0,27,1
etu,2026-06-14,37,61,12,91,10,3,2.0,20,1
opd,2026-06-25,67,73,16,75,14,3,1.0,26,0
female_ward,2026-06-18,76,84,0,97,17,0,2.0,3,1
etu,2026-06-02,76,29,38,49,14,4,1.0,27,1
opd,2026-06-08,57,48,14,93,15,5,2.0,13,1
female_ward,2026-06-17,53,18,61,24,18,4,1.0,27,1
family_medical_clinic,2026-06-25,0,13,49,3,17,4,3.0,15,1
psychiatrist_clinic,2026-06-24,31,48,45,48,6,2,3.0,4,1
family_medical_clinic,2026-06-08,46,60,66,79,16,3,2.0,9,1
psychiatrist_clinic,2026-06-12,80,95,21,79,19,4,3.0,26,1
psychiatrist_clinic,2026-06-14,36,76,99,35,1,3,3.0,12,1
opd,2026-06-24,41,78,40,24,16,2,2.0,5,1
male_ward,2026-06-25,53,16,45,59,5,2,3.0,18,1
male_ward,2026-06-22,15,64,71,92,8,3,3.0,13,0
male_ward,2026-06-01,65,33,1,19,16,0,1.0,25,0
psychiatrist_clinic,2026-06-24,49,92,73,14,5,5,1.0,3,1
family_medical_clinic,2026-06-02,64,24,32,92,12,3,3.0,13,0
opd,2026-06-17,96,36,19,13,20,1,1.0,12,0
opd,2026-06-11,94,15,28,79,6,5,3.0,12,0
etu,2026-06-18,69,48,98,11,2,1,2.0,18,0
female_ward,2026-06-22,83,28,87,71,2,5,3.0,25,1
etu,2026-06-05,34,31,31,40,15,0,2.0,23,1
etu,2026-06-09,91,81,50,94,11,4,2.0,24,0
male_ward,2026-06-16,76,59,75,54,0,3,1.0,22,1
female_ward,2026-06-21,7,72,31,46,14,3,1.0,14,1
male_ward,2026-06-04,21,44,99,88,18,1,1.0,21,0
psychiatrist_clinic,2026-06-09,83,42,27,68,7,3,2.0,17,1
psychiatrist_clinic,2026-06-02,55,17,79,39,7,1,3.0,6,0
family_medical_clinic,2026-06-19,57,80,46,98,12,5,2.0,23,1
psychiatrist_clinic,2026-06-28,21,91,75,44,10,2,2.0,15,1
female_ward,2026-06-05,94,2,77,86,2,4,2.0,9,0
opd,2026-06-03,98,71,58,51,10,0,3.0,16,0
opd,2026-06-15,86,77,74,54,8,1,1.0,14,0
female_ward,2026-06-10,59,89,67,8,6,3,3.0,22,1
family_medical_clinic,2026-06-04,46,67,25,27,2,5,3.0,24,1
male_ward,2026-06-06,37,17,21,46,9,0,2.0,29,1
male_ward,2026-06-27,31,95,18,13,14,4,2.0,23,1
family_medical_clinic,2026-06-20,72,51,44,95,17,0,1.0,30,0
etu,2026-06-15,1,94,76,64,11,3,2.0,8,1
family_medical_clinic,2026-06-25,84,80,39,21,18,2,2.0,26,1
psychiatrist_clinic,2026-06-16,59,50,66,23,6,0,2.0,16,0
family_medical_clinic,2026-06-02,50,28,54,77,6,4,1.0,3,0
family_medical_clinic,2026-06-16,6,36,39,32,19,1,1.0,9,1
etu,2026-06-06,28,84,17,5,11,0,1.0,14,1
male_ward,2026-06-23,72,42,74,33,15,0,3.0,1,1
female_ward,2026-06-20,1,76,14,80,18,5,3.0,30,1
female_ward,2026-06-13,12,87,11,85,10,0,1.0,16,1
opd,2026-06-05,86,68,63,73,3,3,1.0,17,1
opd,2026-06-06,40,14,45,9,17,3,3.0,1,1
etu,2026-06-28,52,53,19,58,14,3,1.0,3,1
opd,2026-06-26,78,48,94,85,0,3,1.0,3,0
opd,2026-06-12,92,40,47,25,16,1,1.0,26,0
female_ward,2026-06-20,97,27,93,33,8,4,1.0,12,1
etu,2026-06-10,27,95,9,52,11,4,2.0,20,1
etu,2026-06-16,79,39,21,29,6,1,1.0,7,0
male_ward,2026-06-14,78,59,79,50,8,4,1.0,2,1
male_ward,2026-06-14,32,34,91,5,0,3,3.0,30,1
etu,2026-06-08,8,51,25,41,20,2,1.0,2,1
psychiatrist_clinic,2026-06-21,35,5,19,98,13,4,1.0,7,1
etu,2026-06-08,41,16,34,8,16,0,1.0,17,1
opd,2026-06-20,97,81,1,0,5,5,3.0,20,1
male_ward,2026-06-10,91,54,22,26,14,0,1.0,16,0
psychiatrist_clinic,2026-06-10,14,84,45,51,10,1,1.0,16,1
etu,2026-06-22,91,21,58,30,11,0,3.0,25,0
male_ward,2026-06-07,11,75,54,18,19,2,3.0,11,1
opd,2026-06-04,45,43,93,49,7,5,1.0,20,1
male_ward,2026-06-05,2,5,14,17,6,0,1.0,29,1
etu,2026-06-07,54,27,46,82,0,5,3.0,11,1
psychiatrist_clinic,2026-06-03,42,96,59,36,14,3,1.0,26,1
opd,2026-06-25,22,81,53,38,20,3,2.0,15,1
female_ward,2026-06-22,85,73,93,54,16,5,1.0,26,1
male_ward,2026-06-14,22,53,58,93,19,1,3.0,27,1
female_ward,2026-06-04,81,80,82,56,13,1,1.0,3,0
etu,2026-06-25,45,20,2,93,14,0,2.0,13,1
etu,2026-06-25,85,52,2,1,2,3,1.0,7,1
psychiatrist_clinic,2026-06-23,70,54,2,26,19,0,2.0,3,1
family_medical_clinic,2026-06-09,31,58,18,99,14,5,2.0,27,1
psychiatrist_clinic,2026-06-14,76,25,44,1,2,0,1.0,23,0
male_ward,2026-06-04,71,9,19,57,15,4,2.0,4,1
family_medical_clinic,2026-06-12,18,0,80,36,15,5,3.0,9,1
male_ward,2026-06-22,1,18,65,7,1,0,2.0,27,0
male_ward,2026-06-11,5,5,47,38,4,5,2.0,12,1
family_medical_clinic,2026-06-09,62,67,52,62,17,2,3.0,6,1
female_ward,2026-06-03,16,14,85,26,11,0,3.0,29,0
family_medical_clinic,2026-06-18,34,72,43,54,20,5,3.0,8,1
psychiatrist_clinic,2026-06-13,63,49,77,77,15,4,2.0,26,1
female_ward,2026-06-19,69,17,44,51,7,4,2.0,17,1
etu,2026-06-08,82,44,86,32,16,0,3.0,18,1
psychiatrist_clinic,2026-06-11,2,61,39,82,12,1,1.0,11,1
family_medical_clinic,2026-06-25,76,47,95,71,5,3,2.0,25,1
etu,2026-06-17,85,68,71,94,10,0,3.0,20,0
opd,2026-06-03,24,44,13,72,16,3,2.0,28,1
psychiatrist_clinic,2026-06-07,47,5,87,32,10,3,1.0,12,1
etu,2026-06-15,64,47,41,65,9,5,3.0,30,1
family_medical_clinic,2026-06-23,32,57,3,65,16,2,1.0,4,0
female_ward,2026-06-21,22,34,79,65,12,4,1.0,10,0
family_medical_clinic,2026-06-07,12,46,93,43,4,2,3.0,30,0
male_ward,2026-06-28,12,5,92,72,16,3,2.0,3,1
etu,2026-06-05,97,48,33,70,4,3,3.0,14,1
family_medical_clinic,2026-06-15,12,39,25,30,15,3,2.0,4,1
male_ward,2026-06-27,46,32,55,88,1,2,2.0,14,1
male_ward,2026-06-07,14,63,51,65,15,5,1.0,26,0
psychiatrist_clinic,2026-06-28,21,89,72,24,12,1,1.0,28,0
opd,2026-06-24,86,18,92,66,15,1,1.0,30,0
opd,2026-06-26,76,75,16,93,6,0,3.0,27,0
female_ward,2026-06-12,73,57,11,82,12,3,2.0,8,0
male_ward,2026-06-14,48,84,93,6,4,5,1.0,23,1
etu,2026-06-04,17,43,34,65,17,2,3.0,15,1
male_ward,2026-06-22,20,19,42,81,8,0,2.0,24,1
psychiatrist_clinic,2026-06-07,47,28,41,4,14,0,2.0,29,1
family_medical_clinic,2026-06-24,90,16,70,18,13,0,1.0,26,0
family_medical_clinic,2026-06-16,79,63,12,98,5,5,1.0,14,0
opd,2026-06-07,3,83,96,61,15,5,3.0,1,0
female_ward,2026-06-03,26,58,80,67,1,1,1.0,14,0
family_medical_clinic,2026-06-12,82,62,17,46,19,0,1.0,15,0
male_ward,2026-06-07,41,86,33,22,17,3,2.0,17,1
opd,2026-06-18,2,31,28,5,13,0,2.0,9,1
psychiatrist_clinic,2026-06-20,98,70,63,35,15,1,3.0,8,1
male_ward,2026-06-03,36,80,65,88,4,5,1.0,14,0
female_ward,2026-06-22,23,52,23,31,0,1,1.0,13,1
opd,2026-06-15,86,20,20,90,5,5,2.0,3,0
psychiatrist_clinic,2026-06-10,72,57,13,21,2,4,3.0,20,1
psychiatrist_clinic,2026-06-14,71,71,8,98,16,5,2.0,1,1
opd,2026-06-04,38,21,96,90,5,4,1.0,22,0
male_ward,2026-06-13,56,41,46,66,5,2,1.0,2,1
female_ward,2026-06-03,86,19,2,87,0,5,2.0,2,1
opd,2026-06-14,65,24,79,65,15,2,3.0,15,1
male_ward,2026-06-18,47,49,35,48,19,0,2.0,6,1
male_ward,2026-06-25,91,44,50,52,11,2,3.0,17,1
psychiatrist_clinic,2026-06-22,36,31,26,56,10,1,1.0,15,1
etu,2026-06-19,84,28,76,82,14,5,2.0,28,1
etu,2026-06-01,26,25,97,59,10,3,3.0,4,1
etu,2026-06-16,81,9,19,22,10,1,2.0,11,0
psychiatrist_clinic,2026-06-15,80,93,54,16,20,3,2.0,10,0
psychiatrist_clinic,2026-06-07,66,12,77,94,12,0,3.0,20,0
etu,2026-06-05,39,81,32,27,5,1,3.0,24,1
opd,2026-06-28,66,20,55,31,1,2,3.0,2,1
opd,2026-06-05,14,17,39,43,19,2,3.0,16,1
female_ward,2026-06-13,54,25,9,18,15,4,3.0,6,1
family_medical_clinic,2026-06-23,96,61,63,3,10,5,1.0,2,1
etu,2026-06-21,66,68,49,30,15,2,1.0,8,1
family_medical_clinic,2026-06-20,79,70,86,77,14,3,3.0,19,1
male_ward,2026-06-09,30,64,76,36,11,2,1.0,6,1
opd,2026-06-22,73,4,65,33,18,2,2.0,23,1
male_ward,2026-06-17,86,67,61,75,4,2,1.0,11,0
family_medical_clinic,2026-06-22,26,22,64,75,8,2,2.0,30,1
family_medical_clinic,2026-06-14,55,70,8,53,10,1,1.0,15,1
psychiatrist_clinic,2026-06-15,40,58,83,50,4,0,3.0,11,0
male_ward,2026-06-19,16,42,2,88,2,4,1.0,11,1
psychiatrist_clinic,2026-06-12,8,4,97,66,6,0,1.0,16,0
male_ward,2026-06-10,83,89,5,75,4,4,2.0,21,0
family_medical_clinic,2026-06-17,2,84,23,55,2,4,2.0,30,1
opd,2026-06-25,32,90,88,35,11,5,3.0,13,1
opd,2026-06-24,94,18,80,16,18,3,2.0,17,1
female_ward,2026-06-20,24,87,79,9,17,2,2.0,12,1
female_ward,2026-06-27,12,12,44,34,0,5,2.0,27,1
female_ward,2026-06-26,10,64,69,23,13,4,3.0,10,1
etu,2026-06-25,43,3,95,3,6,4,3.0,3,1
etu,2026-06-02,80,1,85,4,8,1,2.0,9,0
family_medical_clinic,2026-06-10,88,38,59,50,10,2,1.0,11,1
opd,2026-06-14,39,20,76,5,4,5,3.0,15,1
psychiatrist_clinic,2026-06-19,14,3,84,22,17,4,2.0,20,1
family_medical_clinic,2026-06-05,65,50,74,54,1,2,2.0,14,1
male_ward,2026-06-02,93,0,80,80,18,4,3.0,12,1
male_ward,2026-06-05,41,61,97,99,18,5,2.0,24,0
female_ward,2026-06-28,47,55,80,26,5,1,3.0,30,0
etu,2026-06-10,98,43,68,55,11,0,1.0,18,0
psychiatrist_clinic,2026-06-14,82,74,24,30,3,4,1.0,21,1
etu,2026-06-13,22,97,81,25,20,1,3.0,17,1
etu,2026-06-09,19,39,26,68,20,5,1.0,18,1
male_ward,2026-06-11,38,34,72,32,11,3,1.0,3,1
etu,2026-06-25,30,35,17,53,2,2,2.0,24,1
etu,2026-06-19,28,92,37,58,5,4,1.0,6,1
etu,2026-06-07,93,92,10,46,0,4,3.0,16,1
female_ward,2026-06-24,46,15,93,76,13,5,1.0,11,0
male_ward,2026-06-19,56,13,14,66,0,0,3.0,14,1
psychiatrist_clinic,2026-06-12,65,32,46,15,19,0,2.0,4,1
psychiatrist_clinic,2026-06-05,19,92,48,91,6,4,3.0,5,1
male_ward,2026-06-12,45,13,9,82,19,2,1.0,19,1
family_medical_clinic,2026-06-27,57,11,91,41,19,4,2.0,24,1
male_ward,2026-06-05,34,21,1,28,20,2,1.0,12,1
psychiatrist_clinic,2026-06-06,83,8,59,31,11,4,3.0,25,1
female_ward,2026-06-23,53,3,13,31,17,1,3.0,7,1
psychiatrist_clinic,2026-06-21,92,83,71,50,16,4,2.0,15,1
female_ward,2026-06-25,53,6,34,22,20,4,2.0,5,1
female_ward,2026-06-19,32,71,15,95,10,0,3.0,16,1
female_ward,2026-06-13,44,35,26,5,12,1,1.0,9,1
female_ward,2026-06-25,94,61,18,77,3,5,1.0,5,0
family_medical_clinic,2026-06-21,65,4,12,10,11,5,2.0,9,1
opd,2026-06-07,84,16,42,4,17,5,2.0,14,1
psychiatrist_clinic,2026-06-15,56,82,75,9,3,3,2.0,14,1
female_ward,2026-06-26,57,50,29,77,16,3,1.0,8,1
female_ward,2026-06-07,47,7,67,11,6,4,2.0,15,1
family_medical_clinic,2026-06-24,89,17,41,46,7,1,3.0,19,0
female_ward,2026-06-13,58,63,11,82,4,1,2.0,9,1
opd,2026-06-11,23,97,23,48,0,1,3.0,5,1
male_ward,2026-06-09,53,27,7,11,18,4,2.0,22,0
etu,2026-06-08,28,71,17,68,17,1,2.0,17,1
opd,2026-06-09,67,12,40,72,2,3,2.0,12,0
etu,2026-06-24,36,69,71,61,4,0,1.0,23,0
psychiatrist_clinic,2026-06-19,35,9,16,1,16,1,2.0,21,1
male_ward,2026-06-28,97,34,20,35,16,5,1.0,28,1
female_ward,2026-06-19,94,17,5,80,15,2,1.0,14,0
etu,2026-06-01,47,94,97,54,15,5,3.0,13,1
female_ward,2026-06-08,44,62,49,52,13,2,1.0,4,1
opd,2026-06-04,9,60,18,26,3,2,2.0,15,1
male_ward,2026-06-19,61,75,98,77,15,0,1.0,5,0
family_medical_clinic,2026-06-08,85,81,30,13,15,0,1.0,26,0
male_ward,2026-06-22,21,59,26,73,15,4,3.0,23,0
female_ward,2026-06-17,2,8,73,55,18,4,2.0,27,1
etu,2026-06-27,33,78,8,92,15,2,2.0,10,1
family_medical_clinic,2026-06-01,51,42,70,24,16,4,1.0,5,1
etu,2026-06-13,52,12,7,55,17,1,2.0,7,1
family_medical_clinic,2026-06-11,39,54,28,32,5,0,3.0,10,1
male_ward,2026-06-25,47,60,37,11,20,2,2.0,29,1
psychiatrist_clinic,2026-06-03,85,31,1,59,0,4,3.0,4,1
opd,2026-06-26,50,47,89,99,13,4,2.0,16,0
psychiatrist_clinic,2026-06-22,32,65,41,65,15,5,2.0,2,1
etu,2026-06-16,85,11,26,76,0,2,3.0,6,0
male_ward,2026-06-07,81,38,58,9,6,4,3.0,12,1
opd,2026-06-18,70,13,26,77,14,5,2.0,6,1
etu,2026-06-14,17,38,9,94,12,5,3.0,15,1
family_medical_clinic,2026-06-06,94,41,44,98,16,3,2.0,7,0
etu,2026-06-03,4,98,70,77,3,2,2.0,14,0
male_ward,2026-06-28,13,15,15,21,10,0,2.0,6,1
psychiatrist_clinic,2026-06-01,59,5,23,31,5,0,1.0,7,1
psychiatrist_clinic,2026-06-23,33,47,97,74,12,2,2.0,22,1
opd,2026-06-14,62,35,17,46,15,3,3.0,28,1
female_ward,2026-06-01,89,98,22,87,18,5,2.0,20,1
male_ward,2026-06-15,25,49,96,59,7,2,3.0,5,1
opd,2026-06-23,69,14,13,92,8,4,3.0,26,0
male_ward,2026-06-20,93,91,41,55,14,0,3.0,12,1
male_ward,2026-06-26,91,24,71,38,1,3,1.0,17,1
opd,2026-06-18,94,28,69,45,7,5,3.0,7,1
male_ward,2026-06-03,27,39,54,38,9,2,3.0,22,1
male_ward,2026-06-25,49,58,40,1,10,3,3.0,11,1
psychiatrist_clinic,2026-06-02,92,41,71,93,9,1,2.0,18,0
family_medical_clinic,2026-06-06,7,59,47,65,1,0,2.0,26,1
family_medical_clinic,2026-06-13,0,51,0,76,10,3,1.0,19,1
opd,2026-06-08,38,33,65,1,8,2,1.0,28,1
male_ward,2026-06-21,86,26,33,34,9,4,1.0,25,0
female_ward,2026-06-05,69,0,52,19,7,0,2.0,10,0
opd,2026-06-28,19,47,73,95,14,3,3.0,9,1
family_medical_clinic,2026-06-10,0,73,87,81,2,3,3.0,11,0
psychiatrist_clinic,2026-06-16,8,55,3,8,14,0,2.0,21,1
opd,2026-06-03,31,36,84,84,0,3,3.0,5,0
psychiatrist_clinic,2026-06-01,23,61,8,41,3,3,1.0,28,1
family_medical_clinic,2026-06-09,20,6,77,33,15,0,2.0,23,1
male_ward,2026-06-15,0,74,74,55,16,3,1.0,12,1
psychiatrist_clinic,2026-06-20,81,39,53,78,5,3,1.0,25,0
opd,2026-06-19,44,63,77,42,2,2,2.0,9,1
etu,2026-06-11,77,56,34,45,18,2,3.0,21,1
etu,2026-06-11,97,56,24,37,4,5,3.0,7,1
psychiatrist_clinic,2026-06-01,18,38,46,66,20,3,3.0,22,1
opd,2026-06-17,25,57,23,6,3,1,3.0,18,1
female_ward,2026-06-20,80,85,48,5,13,3,3.0,1,1
opd,2026-06-28,13,85,44,43,2,0,2.0,4,1
male_ward,2026-06-06,65,37,77,13,14,1,2.0,28,1
psychiatrist_clinic,2026-06-17,69,36,2,11,8,0,3.0,22,0
female_ward,2026-06-17,1,14,12,91,1,0,1.0,4,1
female_ward,2026-06-20,52,57,15,82,10,0,2.0,29,1
etu,2026-06-23,17,65,38,88,20,1,1.0,21,1
etu,2026-06-20,99,89,29,6,12,0,3.0,5,0
family_medical_clinic,2026-06-17,65,87,45,94,0,4,2.0,12,0
etu,2026-06-17,75,82,23,39,7,1,1.0,19,0
male_ward,2026-06-12,76,61,46,12,13,5,2.0,15,1
female_ward,2026-06-25,91,35,64,4,15,1,3.0,7,1
male_ward,2026-06-09,60,81,35,25,1,0,1.0,28,0
family_medical_clinic,2026-06-08,76,50,75,33,8,3,2.0,12,1
psychiatrist_clinic,2026-06-24,25,3,73,94,19,4,3.0,19,1
etu,2026-06-03,35,29,71,60,12,2,3.0,12,1
etu,2026-06-01,49,71,76,94,15,1,2.0,25,1
family_medical_clinic,2026-06-16,4,25,52,40,10,5,3.0,10,1
opd,2026-06-17,18,84,81,55,7,4,1.0,6,1
etu,2026-06-14,55,37,13,5,6,1,1.0,14,1
male_ward,2026-06-23,86,33,22,46,12,2,2.0,7,1
family_medical_clinic,2026-06-26,4,49,72,66,13,0,3.0,3,1
family_medical_clinic,2026-06-05,88,36,95,6,8,4,1.0,9,1
female_ward,2026-06-26,68,94,86,15,8,4,1.0,9,1
etu,2026-06-18,23,38,87,33,13,0,3.0,4,1
male_ward,2026-06-18,89,16,89,2,6,4,1.0,21,1
female_ward,2026-06-17,86,32,84,23,2,5,1.0,21,1
female_ward,2026-06-11,88,41,18,17,0,2,2.0,24,1
female_ward,2026-06-17,11,65,88,85,17,3,1.0,13,0
psychiatrist_clinic,2026-06-11,64,83,81,29,4,1,2.0,12,0
opd,2026-06-26,40,91,79,96,18,5,2.0,16,1
male_ward,2026-06-05,87,67,13,63,14,1,1.0,8,0
female_ward,2026-06-03,59,82,80,19,1,4,1.0,13,1
etu,2026-06-22,3,93,99,12,11,3,3.0,29,1
female_ward,2026-06-04,56,13,54,44,11,3,1.0,16,1
etu,2026-06-04,97,26,37,62,9,4,2.0,17,1
psychiatrist_clinic,2026-06-28,16,69,10,23,4,3,2.0,10,1
opd,2026-06-15,63,29,98,36,7,5,1.0,24,1
male_ward,2026-06-21,51,81,69,33,9,0,1.0,19,0
family_medical_clinic,2026-06-04,34,76,8,88,12,2,3.0,16,1
psychiatrist_clinic,2026-06-01,79,84,65,15,18,1,2.0,3,1
opd,2026-06-14,6,46,71,37,17,5,3.0,20,1
psychiatrist_clinic,2026-06-16,96,30,71,63,14,4,2.0,17,1
family_medical_clinic,2026-06-25,61,23,72,75,3,0,2.0,29,0
female_ward,2026-06-06,85,80,21,75,3,1,1.0,21,0
psychiatrist_clinic,2026-06-21,96,25,22,63,1,5,1.0,19,1
opd,2026-06-25,15,14,81,72,19,1,2.0,4,1
male_ward,2026-06-24,1,48,55,42,20,2,1.0,9,1
male_ward,2026-06-10,22,67,32,21,10,5,2.0,29,1
male_ward,2026-06-20,88,49,85,30,14,5,3.0,20,1
opd,2026-06-09,33,83,94,77,16,3,1.0,23,0
psychiatrist_clinic,2026-06-06,9,13,44,18,16,3,3.0,30,1
opd,2026-06-06,2,52,97,94,13,1,2.0,20,1
family_medical_clinic,2026-06-28,69,8,53,94,19,3,1.0,20,0
etu,2026-06-22,10,30,81,80,7,1,3.0,12,0
family_medical_clinic,2026-06-17,92,38,99,55,1,1,3.0,22,0
male_ward,2026-06-09,18,77,75,67,8,2,2.0,7,1
family_medical_clinic,2026-06-28,34,29,32,86,10,2,3.0,23,1
male_ward,2026-06-18,7,38,10,42,10,3,2.0,6,1
family_medical_clinic,2026-06-12,97,95,90,36,8,0,2.0,5,0
etu,2026-06-27,22,19,91,67,6,3,2.0,1,1
psychiatrist_clinic,2026-06-12,19,75,50,16,2,2,3.0,15,1
female_ward,2026-06-22,48,56,60,95,2,0,1.0,26,1
family_medical_clinic,2026-06-26,66,2,21,38,17,0,2.0,27,1
psychiatrist_clinic,2026-06-14,71,75,59,98,0,1,2.0,5,0
female_ward,2026-06-22,0,93,22,67,15,2,1.0,12,1
psychiatrist_clinic,2026-06-25,86,29,55,25,0,2,3.0,10,1
male_ward,2026-06-14,2,92,63,41,13,3,2.0,28,1
male_ward,2026-06-20,64,56,6,24,1,4,1.0,10,1
opd,2026-06-24,33,86,64,58,20,5,1.0,19,1
psychiatrist_clinic,2026-06-28,96,87,32,87,19,0,1.0,17,0
female_ward,2026-06-19,29,21,53,79,6,1,2.0,6,1
family_medical_clinic,2026-06-20,84,85,0,64,16,2,1.0,21,1
opd,2026-06-22,67,67,21,67,17,5,3.0,29,0
psychiatrist_clinic,2026-06-11,80,73,33,51,19,5,3.0,15,1
opd,2026-06-27,82,92,84,5,20,4,2.0,17,1
etu,2026-06-07,75,59,12,57,12,5,3.0,23,1
family_medical_clinic,2026-06-19,68,7,94,59,13,2,1.0,4,1
psychiatrist_clinic,2026-06-15,82,11,5,35,16,0,1.0,12,0
psychiatrist_clinic,2026-06-24,33,90,72,41,17,3,2.0,16,1
female_ward,2026-06-26,0,4,28,75,1,4,1.0,21,1
male_ward,2026-06-07,44,65,0,28,10,5,2.0,20,1
psychiatrist_clinic,2026-06-02,94,70,61,88,14,4,3.0,19,1
etu,2026-06-16,85,43,93,36,5,4,1.0,3,1
male_ward,2026-06-08,42,53,19,99,17,1,3.0,1,1
family_medical_clinic,2026-06-23,31,34,87,1,3,4,3.0,6,1
family_medical_clinic,2026-06-01,78,87,69,20,11,3,2.0,2,1
female_ward,2026-06-14,37,61,84,67,6,5,3.0,16,1
female_ward,2026-06-06,63,96,28,10,8,1,3.0,16,0
opd,2026-06-24,53,19,30,68,5,2,2.0,26,1
male_ward,2026-06-15,89,95,79,14,2,2,3.0,30,1
etu,2026-06-24,38,58,70,32,20,0,3.0,7,1
etu,2026-06-17,45,29,19,45,8,1,3.0,29,1
etu,2026-06-02,2,15,44,48,18,1,3.0,27,1
etu,2026-06-11,88,22,2,41,2,3,3.0,21,1
etu,2026-06-13,88,53,77,42,2,2,1.0,3,1
family_medical_clinic,2026-06-19,59,89,28,57,14,5,2.0,3,1
family_medical_clinic,2026-06-20,82,40,20,7,10,3,2.0,16,1
etu,2026-06-10,10,7,76,67,6,1,3.0,29,0
psychiatrist_clinic,2026-06-24,93,66,86,76,20,5,2.0,8,1
etu,2026-06-17,69,77,20,52,4,2,3.0,23,1
family_medical_clinic,2026-06-06,43,86,98,90,13,0,1.0,19,0
etu,2026-06-09,1,75,38,32,15,5,1.0,13,1
psychiatrist_clinic,2026-06-28,73,36,85,64,15,2,3.0,3,1
female_ward,2026-06-23,67,64,83,80,4,3,2.0,23,0
family_medical_clinic,2026-06-20,43,28,57,85,6,1,1.0,7,0
female_ward,2026-06-13,92,10,28,39,15,3,1.0,2,1
family_medical_clinic,2026-06-23,59,8,53,5,0,1,2.0,26,1
family_medical_clinic,2026-06-20,36,25,13,36,16,2,1.0,4,1
family_medical_clinic,2026-06-04,43,7,10,5,4,3,2.0,16,1
opd,2026-06-20,38,46,88,1,2,2,1.0,9,1
etu,2026-06-03,76,7,27,34,8,2,3.0,14,1
female_ward,2026-06-11,87,71,60,30,7,1,1.0,24,0
psychiatrist_clinic,2026-06-02,95,32,36,30,6,1,1.0,9,0
psychiatrist_clinic,2026-06-09,19,61,76,22,3,0,1.0,10,0
opd,2026-06-14,29,82,8,20,17,4,1.0,9,1
male_ward,2026-06-21,4,80,83,98,10,5,3.0,23,0
etu,2026-06-11,90,9,35,57,6,4,2.0,13,1
female_ward,2026-06-01,76,87,10,62,5,1,3.0,22,0
male_ward,2026-06-18,56,15,74,37,3,1,3.0,21,0
psychiatrist_clinic,2026-06-06,62,83,3,2,19,2,1.0,30,1
opd,2026-06-05,44,15,39,82,11,3,3.0,1,1
opd,2026-06-28,42,9,50,73,13,0,3.0,15,1
female_ward,2026-06-05,31,47,16,82,17,0,3.0,15,1
male_ward,2026-06-05,4,61,35,90,4,2,2.0,8,1
psychiatrist_clinic,2026-06-26,27,70,58,32,3,5,2.0,29,1
psychiatrist_clinic,2026-06-12,99,81,66,42,6,1,3.0,15,0
psychiatrist_clinic,2026-06-25,62,94,14,13,11,4,1.0,26,1
male_ward,2026-06-12,41,61,82,88,15,5,3.0,9,1
etu,2026-06-22,31,30,95,71,5,0,1.0,6,0
family_medical_clinic,2026-06-24,90,23,5,24,10,2,1.0,4,1
opd,2026-06-07,44,28,41,94,8,1,3.0,29,1
etu,2026-06-04,6,57,53,43,11,4,2.0,6,1
family_medical_clinic,2026-06-25,63,81,68,32,16,1,1.0,18,0
etu,2026-06-02,21,16,12,93,14,4,3.0,6,1
opd,2026-06-20,84,90,52,19,14,0,2.0,11,1
psychiatrist_clinic,2026-06-02,96,70,26,0,4,4,3.0,1,1
opd,2026-06-17,38,86,49,86,2,3,2.0,12,1
female_ward,2026-06-14,65,46,72,79,0,0,3.0,19,0
psychiatrist_clinic,2026-06-14,69,60,80,35,1,0,2.0,5,0
family_medical_clinic,2026-06-13,67,83,74,26,20,0,3.0,22,1
etu,2026-06-25,95,52,13,65,5,1,2.0,16,0
opd,2026-06-04,51,99,22,65,17,5,2.0,11,1
opd,2026-06-28,68,71,54,16,18,2,2.0,3,1
psychiatrist_clinic,2026-06-03,54,73,92,61,6,4,3.0,26,1
psychiatrist_clinic,2026-06-25,42,96,58,12,12,5,2.0,18,1
female_ward,2026-06-14,5,20,58,0,9,0,2.0,1,1
female_ward,2026-06-28,64,76,73,67,4,0,3.0,11,0
psychiatrist_clinic,2026-06-20,46,49,28,23,7,0,1.0,16,1
etu,2026-06-22,18,27,71,27,20,3,2.0,9,1
male_ward,2026-06-13,91,57,98,77,12,3,1.0,4,0
family_medical_clinic,2026-06-15,89,4,80,38,14,0,1.0,25,0
female_ward,2026-06-09,74,41,92,36,14,4,2.0,14,1
opd,2026-06-20,15,5,92,43,17,1,1.0,15,0
female_ward,2026-06-14,99,50,59,90,1,3,1.0,2,0
family_medical_clinic,2026-06-17,34,64,74,73,14,5,2.0,15,1
psychiatrist_clinic,2026-06-07,68,22,7,65,19,4,2.0,4,1
female_ward,2026-06-25,66,34,22,22,8,0,2.0,5,0
female_ward,2026-06-12,33,78,20,61,6,1,1.0,30,1
family_medical_clinic,2026-06-19,5,41,76,68,4,5,1.0,6,1
male_ward,2026-06-12,77,82,29,53,2,0,3.0,8,0
female_ward,2026-06-19,36,69,22,70,20,1,3.0,20,1
opd,2026-06-24,58,57,45,41,2,2,3.0,15,1
psychiatrist_clinic,2026-06-11,5,68,20,98,18,0,2.0,4,1
female_ward,2026-06-17,74,58,87,63,8,4,2.0,17,1
family_medical_clinic,2026-06-24,61,63,2,37,7,5,2.0,1,1
female_ward,2026-06-13,73,94,62,99,9,0,2.0,25,0
etu,2026-06-01,81,3,16,98,10,2,3.0,7,0
male_ward,2026-06-06,15,64,62,25,4,2,2.0,10,1
family_medical_clinic,2026-06-03,24,13,48,88,14,1,1.0,26,1
etu,2026-06-25,77,49,55,36,11,4,3.0,4,1
etu,2026-06-20,70,7,7,50,1,3,2.0,13,0
female_ward,2026-06-25,60,44,16,67,15,1,3.0,14,1
female_ward,2026-06-23,84,44,89,66,13,2,2.0,27,1
etu,2026-06-23,10,96,94,62,15,3,1.0,20,1
family_medical_clinic,2026-06-19,61,77,67,88,16,1,3.0,5,1
male_ward,2026-06-28,13,12,93,94,6,5,2.0,18,0
etu,2026-06-28,15,89,72,38,10,5,1.0,3,1
male_ward,2026-06-12,79,23,78,99,17,3,3.0,20,1
psychiatrist_clinic,2026-06-27,53,8,40,22,5,5,2.0,6,1
male_ward,2026-06-02,64,56,42,68,13,4,3.0,6,1
family_medical_clinic,2026-06-26,41,87,22,84,17,2,1.0,29,1
male_ward,2026-06-19,0,73,40,1,17,4,3.0,30,1
female_ward,2026-06-26,9,88,82,37,19,3,1.0,7,1
female_ward,2026-06-17,37,33,95,48,7,2,1.0,12,1
male_ward,2026-06-02,71,5,9,66,6,2,3.0,26,1
male_ward,2026-06-25,66,71,20,40,7,1,1.0,21,0
etu,2026-06-12,84,38,67,5,19,5,1.0,22,1
opd,2026-06-18,15,50,46,25,16,1,1.0,15,1
etu,2026-06-18,64,78,68,62,14,5,3.0,16,1
female_ward,2026-06-10,0,77,69,29,10,2,1.0,2,0
opd,2026-06-28,52,56,95,71,10,0,1.0,12,0
etu,2026-06-19,52,24,81,39,10,5,1.0,5,1
family_medical_clinic,2026-06-11,86,50,54,26,8,5,2.0,14,1
male_ward,2026-06-15,27,75,80,33,20,2,1.0,17,1
psychiatrist_clinic,2026-06-13,22,9,88,2,16,5,1.0,23,1
etu,2026-06-22,81,65,27,74,1,2,3.0,20,1
family_medical_clinic,2026-06-09,22,45,14,11,18,5,1.0,28,1
etu,2026-06-23,16,78,43,76,14,4,3.0,17,1
etu,2026-06-16,49,92,53,44,5,3,1.0,29,1
family_medical_clinic,2026-06-16,10,10,2,64,5,1,2.0,10,1
psychiatrist_clinic,2026-06-25,27,2,18,94,4,5,3.0,15,1
female_ward,2026-06-27,5,68,59,10,2,0,3.0,1,1
etu,2026-06-19,70,40,17,51,0,4,3.0,26,1
etu,2026-06-26,48,38,29,55,2,0,1.0,26,1
etu,2026-06-26,54,3,50,82,12,4,1.0,6,1
etu,2026-06-13,63,24,67,56,17,2,1.0,2,1
female_ward,2026-06-27,89,38,35,54,7,5,1.0,24,1
etu,2026-06-14,91,49,15,75,11,1,2.0,1,0
male_ward,2026-06-08,71,45,49,30,13,3,2.0,20,1
male_ward,2026-06-23,79,98,12,12,18,0,3.0,2,1
family_medical_clinic,2026-06-21,89,62,24,58,18,4,2.0,7,1
etu,2026-06-22,15,61,82,86,20,2,3.0,23,1
female_ward,2026-06-24,8,65,69,33,6,0,1.0,22,0
male_ward,2026-06-11,61,92,38,94,20,4,2.0,30,1
psychiatrist_clinic,2026-06-18,5,55,93,1,13,3,1.0,26,1
female_ward,2026-06-13,11,28,2,12,13,3,3.0,16,1
male_ward,2026-06-18,84,60,69,90,14,0,3.0,14,1
female_ward,2026-06-10,75,53,8,39,18,2,1.0,25,1
male_ward,2026-06-13,85,64,44,9,4,0,2.0,26,0
male_ward,2026-06-28,34,17,72,66,4,1,3.0,2,0
opd,2026-06-27,12,18,53,72,3,3,1.0,5,1
etu,2026-06-16,31,23,9,37,4,4,1.0,20,1
male_ward,2026-06-09,64,73,74,24,2,4,3.0,15,1
psychiatrist_clinic,2026-06-16,54,12,43,64,4,0,3.0,30,1
psychiatrist_clinic,2026-06-03,68,62,29,40,0,2,1.0,10,1
opd,2026-06-15,62,71,59,43,6,4,3.0,17,1
family_medical_clinic,2026-06-24,58,40,67,59,13,0,1.0,8,0
opd,2026-06-21,55,24,21,67,5,3,3.0,5,1
female_ward,2026-06-05,56,46,72,1,8,4,3.0,28,1
female_ward,2026-06-12,90,57,60,31,13,0,1.0,16,0
etu,2026-06-24,28,95,59,48,12,1,2.0,12,1
psychiatrist_clinic,2026-06-06,8,47,84,79,2,4,1.0,13,0
psychiatrist_clinic,2026-06-23,16,19,26,58,1,5,1.0,7,1
male_ward,2026-06-06,4,25,35,83,7,3,1.0,23,1
psychiatrist_clinic,2026-06-11,20,19,44,67,8,0,1.0,8,1
psychiatrist_clinic,2026-06-05,70,55,67,33,5,5,3.0,4,1
opd,2026-06-07,64,56,75,65,0,4,1.0,23,1
female_ward,2026-06-13,32,50,39,36,10,4,1.0,7,1
opd,2026-06-23,63,84,18,69,13,2,2.0,22,1
opd,2026-06-27,16,28,14,45,11,3,3.0,19,1
opd,2026-06-17,56,3,62,39,6,2,3.0,21,1
family_medical_clinic,2026-06-02,81,11,13,27,6,3,2.0,1,1
etu,2026-06-10,41,50,97,79,9,0,2.0,12,0
male_ward,2026-06-03,72,96,58,95,15,3,1.0,4,0
male_ward,2026-06-19,66,45,93,9,20,5,1.0,3,1
family_medical_clinic,2026-06-03,82,29,29,94,18,1,3.0,22,0
opd,2026-06-25,13,66,63,7,1,1,1.0,8,0
female_ward,2026-06-19,9,90,6,22,10,3,1.0,16,1
family_medical_clinic,2026-06-02,92,91,98,98,2,5,1.0,10,0
psychiatrist_clinic,2026-06-05,75,26,57,16,0,2,3.0,20,1
female_ward,2026-06-12,38,72,72,23,20,4,1.0,11,1
etu,2026-06-14,10,44,68,6,11,4,2.0,17,1
psychiatrist_clinic,2026-06-27,46,10,4,79,19,2,3.0,12,1
male_ward,2026-06-16,10,95,20,65,4,0,3.0,26,1
psychiatrist_clinic,2026-06-08,70,3,3,82,18,1,1.0,10,0
etu,2026-06-19,81,79,85,19,13,1,3.0,9,1
opd,2026-06-21,60,79,48,42,1,4,3.0,21,1
family_medical_clinic,2026-06-06,10,77,65,68,8,0,2.0,1,0
etu,2026-06-17,21,88,69,98,4,4,3.0,30,0
psychiatrist_clinic,2026-06-04,80,42,79,7,0,3,1.0,23,1
etu,2026-06-16,74,70,12,26,12,4,2.0,18,1
male_ward,2026-06-15,34,37,9,64,7,5,2.0,14,1
male_ward,2026-06-10,26,62,70,50,0,1,2.0,15,0
male_ward,2026-06-11,96,70,18,37,9,0,1.0,5,0
family_medical_clinic,2026-06-27,18,88,65,89,20,4,1.0,13,0
female_ward,2026-06-10,56,69,99,28,20,3,2.0,19,1
opd,2026-06-12,43,60,39,34,5,4,1.0,10,1
male_ward,2026-06-26,33,78,6,28,20,5,2.0,23,1
family_medical_clinic,2026-06-04,0,41,35,25,20,1,1.0,26,1
family_medical_clinic,2026-06-16,31,54,35,83,8,0,2.0,14,1
family_medical_clinic,2026-06-02,74,7,82,39,20,4,2.0,16,1
psychiatrist_clinic,2026-06-25,24,43,87,9,9,5,2.0,22,1
etu,2026-06-26,28,97,57,81,1,5,2.0,21,1
male_ward,2026-06-28,0,23,14,2,6,2,1.0,5,1
etu,2026-06-03,86,40,84,14,7,4,2.0,24,1
male_ward,2026-06-09,47,49,6,70,1,1,3.0,14,1
etu,2026-06-01,64,82,34,9,1,3,1.0,19,1
female_ward,2026-06-25,6,47,23,41,1,3,3.0,12,1
family_medical_clinic,2026-06-12,5,31,1,99,15,0,1.0,6,1
psychiatrist_clinic,2026-06-14,73,68,24,88,4,0,1.0,21,0
family_medical_clinic,2026-06-23,48,47,94,14,5,1,3.0,30,0
female_ward,2026-06-19,58,76,33,42,19,1,1.0,27,1
female_ward,2026-06-21,49,44,27,75,16,3,1.0,8,1
female_ward,2026-06-24,82,2,75,16,2,5,3.0,28,1
male_ward,2026-06-04,53,58,81,47,6,5,3.0,20,1
opd,2026-06-27,96,49,98,81,6,4,2.0,13,0
etu,2026-06-01,16,24,81,64,14,2,3.0,4,1
female_ward,2026-06-14,54,34,40,46,0,5,1.0,12,0
female_ward,2026-06-19,20,20,9,79,17,4,2.0,24,1
family_medical_clinic,2026-06-17,26,59,79,3,20,1,1.0,15,0
etu,2026-06-04,28,59,53,3,18,0,3.0,13,1
male_ward,2026-06-05,63,32,30,74,6,0,2.0,19,0
opd,2026-06-08,81,14,24,42,4,2,2.0,10,1
female_ward,2026-06-20,10,74,58,55,11,0,1.0,8,0
family_medical_clinic,2026-06-25,40,62,64,37,5,3,3.0,23,1
female_ward,2026-06-19,96,2,73,32,18,5,3.0,17,1
family_medical_clinic,2026-06-14,51,28,36,80,10,0,2.0,26,1
male_ward,2026-06-11,42,66,77,49,7,4,2.0,13,1
family_medical_clinic,2026-06-12,27,34,69,43,4,0,1.0,25,0
family_medical_clinic,2026-06-20,19,57,85,86,3,4,2.0,3,0
etu,2026-06-03,76,84,35,64,16,5,2.0,13,1
family_medical_clinic,2026-06-10,62,57,37,8,20,3,2.0,22,1
psychiatrist_clinic,2026-06-21,70,45,3,95,9,2,2.0,15,0
family_medical_clinic,2026-06-15,89,89,83,96,17,3,3.0,14,1
opd,2026-06-11,99,50,59,10,2,1,3.0,24,0
etu,2026-06-21,82,10,96,28,14,4,1.0,12,1
etu,2026-06-07,52,47,90,54,15,2,2.0,12,1
male_ward,2026-06-20,53,78,40,75,2,0,2.0,23,1
family_medical_clinic,2026-06-23,74,53,22,79,18,4,1.0,12,0
male_ward,2026-06-20,96,80,45,69,13,4,3.0,6,1
female_ward,2026-06-13,4,4,50,29,16,3,2.0,26,1
female_ward,2026-06-23,29,58,91,23,15,2,1.0,13,1
etu,2026-06-22,10,88,31,74,6,0,3.0,17,1
etu,2026-06-17,51,45,44,66,1,2,2.0,17,1
etu,2026-06-03,70,51,82,57,8,1,2.0,4,0
female_ward,2026-06-27,52,79,33,35,18,0,3.0,27,1
male_ward,2026-06-03,13,16,29,49,1,0,3.0,26,1
family_medical_clinic,2026-06-17,82,28,22,4,0,4,2.0,3,1
etu,2026-06-12,77,43,79,46,12,1,3.0,18,0
etu,2026-06-10,75,2,7,56,10,5,1.0,19,1
opd,2026-06-25,70,27,49,95,14,0,2.0,2,1
female_ward,2026-06-17,39,89,4,13,15,2,3.0,14,1
family_medical_clinic,2026-06-24,23,86,30,6,7,0,2.0,9,1
opd,2026-06-05,66,57,26,9,0,4,3.0,26,1
family_medical_clinic,2026-06-10,69,17,20,29,8,5,1.0,3,1
psychiatrist_clinic,2026-06-07,4,21,89,66,6,5,1.0,16,1
female_ward,2026-06-02,75,56,87,33,0,5,2.0,17,1
opd,2026-06-17,42,86,63,46,8,5,3.0,6,1
female_ward,2026-06-02,93,56,48,18,6,4,2.0,23,1
male_ward,2026-06-19,22,1,58,84,8,5,2.0,20,1
male_ward,2026-06-16,39,16,10,70,16,4,3.0,20,1
male_ward,2026-06-26,42,69,30,17,1,2,2.0,3,1
etu,2026-06-01,76,79,48,8,19,4,2.0,11,1
etu,2026-06-01,82,77,40,86,9,5,1.0,24,0
opd,2026-06-14,67,5,92,50,1,5,2.0,12,1
psychiatrist_clinic,2026-06-17,83,64,53,87,10,4,2.0,18,0
opd,2026-06-17,12,61,81,12,3,2,2.0,23,1
psychiatrist_clinic,2026-06-08,61,58,47,95,13,4,2.0,4,1
etu,2026-06-14,82,28,83,34,7,5,1.0,27,1
female_ward,2026-06-12,96,90,70,26,7,3,3.0,18,1
family_medical_clinic,2026-06-08,92,35,79,77,8,0,1.0,26,0
family_medical_clinic,2026-06-05,82,45,89,92,0,0,2.0,25,0
female_ward,2026-06-25,60,10,7,19,6,0,2.0,30,0
etu,2026-06-12,21,92,20,0,8,2,3.0,11,1
male_ward,2026-06-17,6,72,30,21,10,5,2.0,8,1
family_medical_clinic,2026-06-05,37,92,1,70,9,1,3.0,8,0
female_ward,2026-06-19,66,2,17,15,15,0,3.0,15,1
male_ward,2026-06-26,96,35,30,55,0,4,2.0,6,1
opd,2026-06-28,6,7,37,18,12,5,3.0,17,1
male_ward,2026-06-24,50,99,63,51,12,3,3.0,27,1
female_ward,2026-06-17,70,55,18,58,6,0,1.0,22,0
etu,2026-06-14,36,65,23,15,0,5,3.0,24,1
male_ward,2026-06-11,5,7,80,3,11,4,3.0,12,1
etu,2026-06-09,77,43,94,72,14,3,2.0,6,1
etu,2026-06-02,55,85,6,73,10,3,2.0,22,1
opd,2026-06-11,96,20,66,54,5,0,1.0,14,0
etu,2026-06-28,64,32,21,98,18,2,2.0,22,1
opd,2026-06-03,14,20,80,45,4,5,1.0,23,1
family_medical_clinic,2026-06-07,91,15,94,55,1,4,3.0,1,1
family_medical_clinic,2026-06-27,45,27,25,41,13,4,2.0,1,1
female_ward,2026-06-18,3,71,62,75,1,4,1.0,15,1
psychiatrist_clinic,2026-06-13,71,94,47,8,15,2,3.0,19,1
female_ward,2026-06-27,71,53,93,94,0,2,2.0,11,0
female_ward,2026-06-07,1,4,53,52,3,2,2.0,24,0
female_ward,2026-06-25,70,81,61,91,18,1,1.0,21,0
opd,2026-06-24,44,97,86,34,3,2,2.0,9,1
opd,2026-06-19,9,90,21,62,17,5,3.0,25,1
family_medical_clinic,2026-06-22,48,72,13,20,0,0,1.0,10,1
opd,2026-06-07,35,94,55,14,14,4,1.0,21,1
male_ward,2026-06-15,67,29,51,16,11,1,1.0,25,0
opd,2026-06-04,3,84,79,84,6,3,1.0,9,0
male_ward,2026-06-18,75,79,76,63,15,3,3.0,20,1
family_medical_clinic,2026-06-22,38,37,40,83,1,3,3.0,26,1
family_medical_clinic,2026-06-16,11,21,33,89,11,1,3.0,28,0
psychiatrist_clinic,2026-06-27,0,85,9,8,16,2,3.0,14,1
male_ward,2026-06-07,25,42,37,84,7,2,3.0,20,1
psychiatrist_clinic,2026-06-13,35,23,20,89,7,4,2.0,27,1
etu,2026-06-22,97,6,45,31,1,2,1.0,9,1
female_ward,2026-06-02,51,34,93,44,9,0,1.0,23,0
psychiatrist_clinic,2026-06-06,7,53,80,11,16,0,3.0,26,1
psychiatrist_clinic,2026-06-08,26,53,71,95,1,1,1.0,19,0
psychiatrist_clinic,2026-06-23,24,89,44,61,11,1,3.0,30,1
opd,2026-06-04,13,4,83,84,4,2,3.0,6,0
opd,2026-06-15,20,45,67,14,14,5,3.0,8,1
psychiatrist_clinic,2026-06-09,71,4,37,9,19,5,3.0,6,1
opd,2026-06-21,47,27,89,45,18,2,1.0,18,1
family_medical_clinic,2026-06-08,62,16,48,31,4,3,2.0,19,0
opd,2026-06-07,69,88,12,20,1,1,3.0,20,0
opd,2026-06-06,47,49,93,9,10,5,2.0,4,1
male_ward,2026-06-21,0,89,42,78,11,4,3.0,17,1
female_ward,2026-06-04,74,78,3,8,16,4,3.0,10,1
male_ward,2026-06-10,59,47,75,95,6,4,1.0,1,0
male_ward,2026-06-10,69,91,21,54,16,4,1.0,14,1
female_ward,2026-06-24,23,10,41,56,5,2,3.0,20,1
psychiatrist_clinic,2026-06-01,22,17,61,17,18,4,2.0,13,1
male_ward,2026-06-01,64,86,72,68,12,4,3.0,3,1
opd,2026-06-08,10,51,34,10,15,0,1.0,5,1
etu,2026-06-06,36,35,90,79,10,4,2.0,18,0
male_ward,2026-06-03,63,33,80,82,1,3,1.0,6,0
opd,2026-06-11,88,16,1,30,8,0,1.0,14,0
opd,2026-06-22,60,75,40,89,18,2,3.0,16,1
psychiatrist_clinic,2026-06-23,76,45,42,45,20,1,1.0,22,0
male_ward,2026-06-07,75,56,35,79,14,2,3.0,1,1
opd,2026-06-22,65,8,82,0,6,4,2.0,9,1
psychiatrist_clinic,2026-06-20,66,55,6,74,10,4,1.0,13,1
female_ward,2026-06-27,0,9,76,6,2,3,3.0,17,1
male_ward,2026-06-18,71,28,81,14,9,0,3.0,4,0
male_ward,2026-06-27,54,8,46,11,13,2,3.0,4,1
male_ward,2026-06-26,47,23,37,97,20,5,3.0,21,1
opd,2026-06-25,46,83,19,71,4,0,1.0,21,1
psychiatrist_clinic,2026-06-17,64,74,66,31,6,2,1.0,18,1
etu,2026-06-01,73,59,30,63,15,4,1.0,6,1
family_medical_clinic,2026-06-24,11,83,38,44,5,3,2.0,6,1
psychiatrist_clinic,2026-06-25,99,21,10,77,1,5,2.0,13,0
male_ward,2026-06-19,80,98,9,86,2,1,3.0,6,0
opd,2026-06-27,32,32,46,81,7,2,3.0,18,1
etu,2026-06-20,36,49,20,97,3,2,2.0,2,1
male_ward,2026-06-07,93,15,34,60,15,2,1.0,22,1
family_medical_clinic,2026-06-05,80,70,76,56,20,3,2.0,12,1
male_ward,2026-06-24,74,45,38,93,20,0,3.0,21,1
family_medical_clinic,2026-06-13,69,80,56,68,7,5,2.0,21,1
opd,2026-06-20,54,85,67,14,11,2,3.0,11,1
female_ward,2026-06-09,85,22,98,27,11,1,3.0,6,0
female_ward,2026-06-12,39,17,27,52,10,2,3.0,24,1
male_ward,2026-06-28,13,14,11,48,18,2,2.0,12,1
opd,2026-06-17,98,91,97,79,1,5,3.0,9,0
family_medical_clinic,2026-06-15,38,47,39,53,1,5,1.0,18,1
etu,2026-06-22,75,40,42,57,12,5,2.0,11,1
psychiatrist_clinic,2026-06-15,62,46,49,96,8,2,1.0,21,0
etu,2026-06-13,70,68,99,62,10,1,3.0,16,0
family_medical_clinic,2026-06-03,88,9,20,71,15,5,1.0,13,1
female_ward,2026-06-14,38,4,95,16,13,5,2.0,25,1
opd,2026-06-12,44,29,45,91,12,4,1.0,22,1
etu,2026-06-06,18,83,0,44,18,3,3.0,15,1
family_medical_clinic,2026-06-24,95,1,73,33,20,3,3.0,10,1
male_ward,2026-06-25,54,18,32,5,15,4,1.0,11,1
psychiatrist_clinic,2026-06-19,15,15,91,96,4,0,3.0,25,0
etu,2026-06-09,43,42,71,45,10,0,1.0,9,0
psychiatrist_clinic,2026-06-02,66,13,95,25,18,3,3.0,21,1
female_ward,2026-06-12,61,98,44,94,14,4,3.0,6,1
male_ward,2026-06-17,29,81,61,17,6,3,1.0,28,1
family_medical_clinic,2026-06-28,78,84,56,53,13,5,1.0,7,1
opd,2026-06-01,84,84,29,68,9,2,3.0,18,1
etu,2026-06-20,13,69,13,46,15,0,2.0,11,1
psychiatrist_clinic,2026-06-22,60,64,74,91,9,5,3.0,30,1
family_medical_clinic,2026-06-15,30,74,93,3,10,3,3.0,30,1
female_ward,2026-06-19,94,90,73,9,8,2,3.0,18,1
etu,2026-06-17,63,9,11,44,3,4,3.0,3,0
family_medical_clinic,2026-06-09,11,56,76,99,8,3,3.0,21,0
male_ward,2026-06-04,39,75,92,53,3,0,2.0,12,0
family_medical_clinic,2026-06-05,99,53,98,31,12,5,2.0,21,1
female_ward,2026-06-20,27,46,8,22,16,5,1.0,5,1
female_ward,2026-06-09,55,80,52,88,5,2,3.0,30,0
female_ward,2026-06-20,38,91,7,28,9,0,1.0,22,1
female_ward,2026-06-28,96,14,67,5,17,4,1.0,24,0
etu,2026-06-17,95,20,86,95,14,4,1.0,17,0
opd,2026-06-27,88,89,92,44,18,4,2.0,17,1
psychiatrist_clinic,2026-06-13,19,87,50,59,11,1,1.0,9,1
male_ward,2026-06-13,56,81,41,81,20,0,2.0,11,1
female_ward,2026-06-18,84,9,91,55,9,5,3.0,24,1
etu,2026-06-21,0,47,34,70,15,4,1.0,28,1
family_medical_clinic,2026-06-28,12,41,11,27,17,3,2.0,13,1
family_medical_clinic,2026-06-17,74,6,88,18,2,0,2.0,16,0
opd,2026-06-11,12,29,62,64,4,5,1.0,4,1
opd,2026-06-16,32,65,5,71,19,0,2.0,5,1
family_medical_clinic,2026-06-28,16,76,63,39,9,5,1.0,2,1
family_medical_clinic,2026-06-05,28,38,70,42,1,0,3.0,24,0
male_ward,2026-06-24,27,88,61,7,8,4,2.0,30,1
family_medical_clinic,2026-06-24,94,6,1,49,1,4,1.0,22,1
female_ward,2026-06-16,24,38,0,89,8,5,1.0,30,1
etu,2026-06-08,54,47,51,72,16,5,3.0,12,1
male_ward,2026-06-09,96,70,8,30,14,2,3.0,14,1
psychiatrist_clinic,2026-06-05,59,60,67,56,18,1,3.0,25,1
family_medical_clinic,2026-06-22,59,54,86,91,20,3,2.0,13,1
psychiatrist_clinic,2026-06-24,74,66,98,92,11,0,1.0,15,0
family_medical_clinic,2026-06-06,22,2,21,92,6,0,1.0,22,1
female_ward,2026-06-10,72,68,26,16,7,3,3.0,2,1
female_ward,2026-06-08,15,49,91,53,9,2,1.0,10,1
etu,2026-06-04,50,7,21,94,14,4,2.0,19,1
family_medical_clinic,2026-06-28,15,89,26,85,10,0,3.0,10,1
female_ward,2026-06-10,67,20,94,82,17,0,1.0,6,0
psychiatrist_clinic,2026-06-15,86,60,85,81,20,4,2.0,1,1
family_medical_clinic,2026-06-12,61,43,89,68,6,4,1.0,23,1
male_ward,2026-06-04,47,3,31,86,4,0,1.0,21,1
male_ward,2026-06-17,40,60,34,32,18,4,1.0,18,1
etu,2026-06-09,38,29,6,45,11,2,1.0,10,1
psychiatrist_clinic,2026-06-09,26,91,45,30,3,4,2.0,8,1
etu,2026-06-02,67,68,70,60,5,4,2.0,8,0
psychiatrist_clinic,2026-06-09,54,65,75,96,5,4,1.0,11,0
family_medical_clinic,2026-06-06,88,28,73,57,10,0,1.0,24,0
female_ward,2026-06-04,96,77,63,45,4,5,1.0,18,1
family_medical_clinic,2026-06-01,58,93,5,64,5,1,1.0,14,1
psychiatrist_clinic,2026-06-14,18,62,66,46,2,5,2.0,9,1
family_medical_clinic,2026-06-28,44,71,47,43,19,2,2.0,20,1
family_medical_clinic,2026-06-13,90,3,33,10,18,3,3.0,19,1
opd,2026-06-26,50,98,14,72,2,5,3.0,22,1
psychiatrist_clinic,2026-06-09,67,9,8,52,4,3,2.0,19,1
opd,2026-06-23,44,5,47,42,6,4,3.0,22,1
family_medical_clinic,2026-06-16,0,16,83,5,8,5,2.0,6,1
male_ward,2026-06-06,14,57,11,16,14,1,1.0,3,1
female_ward,2026-06-11,38,93,2,94,17,1,2.0,25,1
psychiatrist_clinic,2026-06-09,24,12,13,35,17,4,2.0,8,1
male_ward,2026-06-18,83,76,16,21,5,0,1.0,2,0
etu,2026-06-15,68,30,7,15,3,5,2.0,19,1
opd,2026-06-12,27,34,76,94,9,4,2.0,11,0
opd,2026-06-05,30,66,70,82,6,5,2.0,3,0
opd,2026-06-04,50,93,15,28,10,5,2.0,20,1
family_medical_clinic,2026-06-05,22,29,75,93,16,4,3.0,28,1
female_ward,2026-06-15,94,89,32,88,13,1,3.0,16,1
female_ward,2026-06-07,78,90,95,99,14,3,3.0,23,1
male_ward,2026-06-22,30,65,13,24,5,5,3.0,6,0
psychiatrist_clinic,2026-06-24,65,16,66,21,8,1,2.0,16,0
female_ward,2026-06-25,0,92,22,78,3,1,1.0,27,1
opd,2026-06-12,50,23,79,21,11,4,2.0,10,1
etu,2026-06-17,79,8,42,89,17,2,3.0,12,1
male_ward,2026-06-04,26,53,92,97,19,0,3.0,18,1
family_medical_clinic,2026-06-21,79,48,2,87,18,5,2.0,12,1
male_ward,2026-06-27,7,80,99,30,0,2,3.0,22,1
male_ward,2026-06-23,17,82,5,68,9,0,1.0,20,1
family_medical_clinic,2026-06-12,10,53,8,14,18,0,1.0,4,1
etu,2026-06-28,61,19,33,11,14,1,2.0,29,1
male_ward,2026-06-06,93,73,43,74,7,1,1.0,5,0
psychiatrist_clinic,2026-06-19,46,97,58,74,18,3,1.0,21,1
opd,2026-06-13,42,30,90,65,5,1,3.0,16,0
opd,2026-06-18,34,86,6,92,13,4,3.0,8,1
family_medical_clinic,2026-06-06,34,88,43,50,4,3,2.0,29,1
male_ward,2026-06-15,84,48,32,26,4,4,1.0,24,1
etu,2026-06-22,70,74,28,27,11,3,2.0,19,1
female_ward,2026-06-02,65,96,82,38,5,2,3.0,5,1
family_medical_clinic,2026-06-26,93,29,89,98,7,5,1.0,8,0
opd,2026-06-15,43,34,17,86,16,2,1.0,24,1
family_medical_clinic,2026-06-11,57,35,18,24,2,1,2.0,22,1
psychiatrist_clinic,2026-06-15,62,65,7,88,17,3,1.0,14,0
family_medical_clinic,2026-06-13,34,83,58,84,13,4,1.0,17,1
male_ward,2026-06-04,6,14,47,3,12,4,3.0,6,1
family_medical_clinic,2026-06-15,56,86,8,10,17,1,3.0,19,0
etu,2026-06-23,53,23,93,59,8,5,2.0,23,1
female_ward,2026-06-09,34,46,86,69,6,3,3.0,30,1
family_medical_clinic,2026-06-07,80,26,29,48,10,1,3.0,25,0
psychiatrist_clinic,2026-06-12,42,99,91,73,4,5,2.0,11,1
male_ward,2026-06-24,99,11,65,95,20,0,2.0,10,1
family_medical_clinic,2026-06-18,90,17,24,70,14,1,3.0,3,1
psychiatrist_clinic,2026-06-06,84,0,0,86,8,1,1.0,6,0
family_medical_clinic,2026-06-23,90,81,72,74,13,5,3.0,29,1
female_ward,2026-06-23,11,4,91,8,14,5,2.0,3,1
family_medical_clinic,2026-06-10,76,35,68,93,10,3,3.0,27,0
female_ward,2026-06-26,43,44,27,89,3,0,1.0,25,1
etu,2026-06-04,44,42,79,60,3,3,2.0,26,1
opd,2026-06-11,52,2,85,80,15,1,1.0,13,0
family_medical_clinic,2026-06-08,18,26,48,57,7,1,3.0,25,1
family_medical_clinic,2026-06-16,91,59,80,49,20,3,1.0,13,1
female_ward,2026-06-13,98,88,18,21,0,4,3.0,14,1
female_ward,2026-06-09,15,79,6,22,12,3,1.0,15,1
psychiatrist_clinic,2026-06-10,6,75,81,93,5,1,3.0,8,0
family_medical_clinic,2026-06-16,29,99,81,20,15,4,2.0,8,1
opd,2026-06-06,11,23,35,96,14,2,1.0,20,1
female_ward,2026-06-12,82,48,32,44,20,4,1.0,21,1
family_medical_clinic,2026-06-22,16,33,88,34,3,0,3.0,21,0
male_ward,2026-06-09,29,68,10,10,4,5,1.0,5,1
etu,2026-06-25,63,91,85,83,14,4,3.0,28,1
family_medical_clinic,2026-06-13,49,67,87,7,3,1,3.0,22,1
psychiatrist_clinic,2026-06-14,53,83,86,83,1,4,2.0,17,0
female_ward,2026-06-24,91,91,63,92,19,2,3.0,24,1
psychiatrist_clinic,2026-06-12,1,38,45,23,1,1,1.0,7,1
opd,2026-06-26,69,42,42,8,15,4,1.0,15,1
psychiatrist_clinic,2026-06-17,10,56,92,45,9,1,2.0,26,0
opd,2026-06-20,15,74,26,84,18,0,2.0,15,1
family_medical_clinic,2026-06-09,50,54,79,62,8,2,3.0,13,1
etu,2026-06-16,63,92,45,72,10,1,2.0,14,0
etu,2026-06-22,2,46,63,1,19,2,1.0,24,1
psychiatrist_clinic,2026-06-09,49,69,54,18,19,0,3.0,11,1
psychiatrist_clinic,2026-06-08,0,43,87,45,8,5,3.0,19,1
etu,2026-06-01,38,29,39,19,3,2,3.0,26,1
family_medical_clinic,2026-06-07,45,51,6,44,0,2,3.0,4,1
female_ward,2026-06-11,67,38,74,46,10,2,3.0,9,1
family_medical_clinic,2026-06-10,50,5,46,26,0,5,1.0,9,1
opd,2026-06-26,51,8,0,6,7,1,3.0,3,1
female_ward,2026-06-26,97,84,63,35,19,1,3.0,4,1
opd,2026-06-02,63,32,19,79,3,1,2.0,15,0
opd,2026-06-23,19,66,15,52,19,3,2.0,9,1
family_medical_clinic,2026-06-02,60,69,15,36,7,5,3.0,3,0
psychiatrist_clinic,2026-06-25,67,77,21,19,3,2,1.0,17,1
opd,2026-06-25,22,84,29,91,1,0,3.0,8,1
male_ward,2026-06-03,9,23,12,55,9,3,3.0,2,1
opd,2026-06-05,20,0,51,95,11,2,3.0,11,1
male_ward,2026-06-12,84,46,91,0,0,5,3.0,29,1
opd,2026-06-14,72,39,28,80,0,3,3.0,26,0
family_medical_clinic,2026-06-22,55,20,81,85,1,5,3.0,6,0
family_medical_clinic,2026-06-21,7,20,28,48,0,0,2.0,3,1
opd,2026-06-10,67,54,64,69,16,2,3.0,1,1
etu,2026-06-28,33,19,56,85,0,5,2.0,14,1
etu,2026-06-28,61,66,64,46,7,4,3.0,30,1
etu,2026-06-18,24,43,75,51,0,5,3.0,14,1
female_ward,2026-06-10,84,67,30,49,17,0,2.0,9,1
family_medical_clinic,2026-06-18,93,65,54,51,14,4,3.0,17,1
female_ward,2026-06-21,49,63,80,83,17,0,2.0,28,0
etu,2026-06-12,16,8,6,27,6,1,2.0,5,1
female_ward,2026-06-18,51,87,67,48,13,0,3.0,4,1
opd,2026-06-14,24,85,95,90,13,0,3.0,7,1
male_ward,2026-06-27,68,67,2,45,5,5,2.0,2,1
family_medical_clinic,2026-06-15,96,5,75,48,10,1,1.0,15,0
family_medical_clinic,2026-06-17,29,56,57,86,0,0,2.0,11,1
family_medical_clinic,2026-06-01,67,57,66,92,4,2,3.0,30,0
opd,2026-06-10,98,38,66,71,3,0,1.0,23,0
female_ward,2026-06-06,32,82,61,65,3,1,3.0,24,1
etu,2026-06-27,91,59,48,92,4,2,1.0,23,0
etu,2026-06-08,32,99,53,33,18,4,2.0,19,1
opd,2026-06-22,31,82,37,0,17,4,2.0,12,1
etu,2026-06-06,22,78,12,78,17,0,1.0,13,1
male_ward,2026-06-06,24,41,19,92,14,0,3.0,5,1
family_medical_clinic,2026-06-19,21,8,50,73,1,4,3.0,17,1
family_medical_clinic,2026-06-03,12,48,53,40,3,5,2.0,26,1
female_ward,2026-06-11,89,40,68,39,18,4,3.0,16,1
female_ward,2026-06-04,2,59,55,63,5,4,1.0,5,1
family_medical_clinic,2026-06-22,16,20,51,3,9,0,3.0,4,0
female_ward,2026-06-23,90,68,16,92,14,2,3.0,23,0
etu,2026-06-17,58,0,25,41,15,5,3.0,8,1
etu,2026-06-07,74,79,10,9,16,5,1.0,25,1
psychiatrist_clinic,2026-06-21,38,3,12,51,19,1,3.0,5,1
family_medical_clinic,2026-06-19,51,64,42,90,0,1,2.0,26,1
female_ward,2026-06-26,34,58,19,94,3,3,3.0,24,1
opd,2026-06-26,73,78,72,65,11,3,1.0,9,1
etu,2026-06-17,56,66,38,36,11,3,1.0,28,1
family_medical_clinic,2026-06-18,2,96,58,83,10,2,3.0,8,1
family_medical_clinic,2026-06-05,8,34,98,6,14,5,2.0,16,1
opd,2026-06-24,72,47,96,4,16,4,1.0,30,1
opd,2026-06-21,9,4,83,58,16,4,2.0,13,1
female_ward,2026-06-10,24,88,53,7,16,5,1.0,21,1
etu,2026-06-11,89,43,8,91,9,5,2.0,15,0
male_ward,2026-06-25,13,12,84,1,0,4,2.0,5,1
female_ward,2026-06-19,24,64,83,32,16,1,1.0,20,0
psychiatrist_clinic,2026-06-16,1,81,90,90,12,0,3.0,12,0
etu,2026-06-20,79,67,11,68,12,3,2.0,6,1
female_ward,2026-06-04,13,54,26,37,15,0,1.0,23,1
etu,2026-06-17,69,50,9,89,16,5,1.0,12,0
opd,2026-06-23,46,88,53,90,5,4,3.0,4,1
family_medical_clinic,2026-06-11,73,43,56,81,5,3,3.0,7,0
opd,2026-06-11,50,49,64,86,18,5,3.0,7,1
family_medical_clinic,2026-06-17,64,25,19,88,15,3,2.0,25,1
psychiatrist_clinic,2026-06-25,95,13,88,0,9,5,2.0,7,0
male_ward,2026-06-22,94,21,85,43,16,3,2.0,11,1
opd,2026-06-03,84,53,34,86,14,2,2.0,11,1
female_ward,2026-06-26,35,37,80,28,0,3,3.0,7,1
psychiatrist_clinic,2026-06-08,58,29,31,1,15,2,1.0,29,1
female_ward,2026-06-16,35,42,84,59,15,4,1.0,28,1
opd,2026-06-03,49,28,95,86,20,5,3.0,27,1
family_medical_clinic,2026-06-02,40,97,89,77,15,1,2.0,26,1
family_medical_clinic,2026-06-22,52,42,51,86,2,5,2.0,18,1
family_medical_clinic,2026-06-11,29,78,71,15,17,2,1.0,9,1
opd,2026-06-08,15,58,83,76,13,3,2.0,6,1
female_ward,2026-06-24,55,87,76,60,4,4,2.0,8,1
male_ward,2026-06-21,39,25,73,27,6,4,2.0,23,1
female_ward,2026-06-04,31,15,91,8,17,0,3.0,27,1
opd,2026-06-11,70,30,53,9,8,4,1.0,16,1
female_ward,2026-06-28,58,10,82,0,2,4,3.0,14,1
female_ward,2026-06-12,3,13,6,49,13,1,3.0,18,1
opd,2026-06-12,59,65,7,96,3,0,2.0,5,1
family_medical_clinic,2026-06-05,93,55,56,80,9,5,2.0,9,0
male_ward,2026-06-03,49,47,6,90,11,2,1.0,11,1
psychiatrist_clinic,2026-06-12,4,76,89,47,10,0,1.0,9,0
etu,2026-06-22,96,26,42,92,2,3,2.0,24,0
psychiatrist_clinic,2026-06-09,34,19,49,62,18,4,2.0,25,1
etu,2026-06-07,59,30,14,81,0,2,2.0,24,1
male_ward,2026-06-10,97,22,10,80,7,5,2.0,4,0
opd,2026-06-23,14,65,89,15,17,1,3.0,23,1
male_ward,2026-06-05,44,17,50,38,18,1,3.0,2,1
female_ward,2026-06-19,10,33,6,57,3,2,1.0,4,1
opd,2026-06-23,92,60,18,88,11,0,3.0,19,0
family_medical_clinic,2026-06-06,88,91,6,33,12,2,1.0,20,1
family_medical_clinic,2026-06-12,19,91,55,46,4,2,3.0,3,1
female_ward,2026-06-01,62,54,37,85,3,1,1.0,21,0
male_ward,2026-06-19,12,33,27,94,14,4,1.0,19,1
psychiatrist_clinic,2026-06-05,62,78,88,2,15,0,1.0,5,0
opd,2026-06-09,36,26,65,86,20,4,1.0,4,0
female_ward,2026-06-14,86,63,76,85,20,3,3.0,20,1
etu,2026-06-06,86,87,62,76,2,3,3.0,11,0
male_ward,2026-06-05,93,52,43,10,8,1,2.0,19,0
psychiatrist_clinic,2026-06-18,5,94,78,94,11,1,3.0,10,0
male_ward,2026-06-12,10,33,84,14,13,1,3.0,12,1
etu,2026-06-02,50,91,92,5,14,5,1.0,9,1
female_ward,2026-06-28,6,81,86,71,0,2,3.0,7,1
female_ward,2026-06-03,44,80,21,34,7,1,3.0,27,1
etu,2026-06-06,2,53,73,62,4,5,1.0,8,1
opd,2026-06-24,26,90,55,9,5,1,3.0,8,1
etu,2026-06-13,0,97,92,51,4,5,2.0,12,1
male_ward,2026-06-18,60,75,71,46,19,5,2.0,8,1
family_medical_clinic,2026-06-06,82,64,61,59,20,5,1.0,20,1
etu,2026-06-23,40,54,86,30,5,0,1.0,9,0
female_ward,2026-06-05,33,23,14,6,2,1,3.0,27,1
family_medical_clinic,2026-06-27,37,96,40,8,17,3,1.0,11,1
female_ward,2026-06-26,48,71,98,11,0,3,1.0,18,1
psychiatrist_clinic,2026-06-22,7,2,81,38,8,2,3.0,28,1
opd,2026-06-25,54,38,22,23,8,4,3.0,6,1
psychiatrist_clinic,2026-06-01,27,57,75,64,12,3,2.0,3,1
etu,2026-06-04,24,48,93,80,15,5,3.0,6,1
etu,2026-06-13,29,31,54,73,17,3,3.0,18,1
male_ward,2026-06-01,98,80,8,11,11,0,2.0,22,0
opd,2026-06-19,69,70,63,88,5,1,2.0,13,0
family_medical_clinic,2026-06-15,95,76,97,56,4,1,2.0,27,0
female_ward,2026-06-13,85,11,6,6,5,3,2.0,10,1
male_ward,2026-06-07,65,91,93,22,15,2,3.0,18,1
opd,2026-06-10,58,1,4,67,0,4,3.0,25,1
female_ward,2026-06-17,9,87,97,16,6,5,3.0,20,1
female_ward,2026-06-01,10,39,24,67,17,2,3.0,16,1
female_ward,2026-06-09,37,89,87,26,0,4,3.0,28,1
psychiatrist_clinic,2026-06-21,15,98,35,91,2,5,2.0,9,1
opd,2026-06-12,22,44,57,24,6,5,2.0,8,1
psychiatrist_clinic,2026-06-03,17,44,32,89,19,3,2.0,15,1
psychiatrist_clinic,2026-06-09,79,25,77,52,20,0,3.0,18,1
psychiatrist_clinic,2026-06-20,39,85,34,90,14,3,2.0,25,1
opd,2026-06-08,91,41,9,93,1,0,3.0,4,0
female_ward,2026-06-16,56,63,21,31,7,1,3.0,19,1
male_ward,2026-06-10,76,26,26,38,3,5,2.0,15,1
family_medical_clinic,2026-06-05,19,88,20,74,15,2,2.0,15,1
male_ward,2026-06-03,96,16,67,41,11,1,3.0,3,0
family_medical_clinic,2026-06-16,94,10,23,68,17,1,2.0,23,1
male_ward,2026-06-16,34,33,81,11,18,3,1.0,5,1
female_ward,2026-06-01,40,37,16,13,12,0,2.0,24,1
etu,2026-06-25,18,19,21,49,19,3,1.0,23,1
male_ward,2026-06-19,92,95,24,66,20,0,3.0,9,1
female_ward,2026-06-26,48,87,86,70,4,5,1.0,6,1
psychiatrist_clinic,2026-06-11,32,6,28,59,2,2,2.0,22,0
etu,2026-06-13,44,20,50,36,11,5,3.0,26,1
male_ward,2026-06-23,24,94,29,3,7,0,1.0,21,1
psychiatrist_clinic,2026-06-15,40,68,57,74,10,1,2.0,14,1
male_ward,2026-06-25,56,21,48,95,16,1,1.0,14,1
male_ward,2026-06-02,31,2,78,31,11,4,3.0,19,1
family_medical_clinic,2026-06-02,3,44,0,25,12,0,2.0,12,1
family_medical_clinic,2026-06-10,6,45,29,66,3,4,3.0,9,1
opd,2026-06-12,63,30,85,64,14,4,3.0,1,1
psychiatrist_clinic,2026-06-18,60,58,15,48,18,4,1.0,23,1
etu,2026-06-25,61,54,34,9,19,4,2.0,23,1
male_ward,2026-06-14,22,62,15,0,9,1,3.0,16,1
family_medical_clinic,2026-06-21,54,43,87,77,5,3,3.0,19,0
male_ward,2026-06-02,32,3,30,51,1,2,2.0,21,1
etu,2026-06-28,37,70,23,53,16,1,2.0,14,1
family_medical_clinic,2026-06-03,22,51,72,79,13,3,3.0,26,1
psychiatrist_clinic,2026-06-08,66,87,34,33,9,4,2.0,18,1
etu,2026-06-27,50,89,70,7,12,4,1.0,25,1
opd,2026-06-05,91,13,46,73,20,0,3.0,17,1
psychiatrist_clinic,2026-06-22,82,12,85,38,5,1,2.0,12,0
male_ward,2026-06-27,68,64,60,98,17,3,1.0,5,0
female_ward,2026-06-26,33,43,13,94,4,3,3.0,10,1
male_ward,2026-06-09,43,53,77,0,13,3,2.0,27,1
opd,2026-06-17,55,7,20,37,1,0,1.0,8,1
psychiatrist_clinic,2026-06-26,63,17,90,97,6,2,3.0,10,0
family_medical_clinic,2026-06-23,12,37,94,21,16,0,2.0,16,1
etu,2026-06-06,25,57,46,17,2,1,1.0,18,1
psychiatrist_clinic,2026-06-16,42,61,7,25,20,3,1.0,3,1
female_ward,2026-06-03,15,15,79,26,18,2,3.0,28,1
opd,2026-06-01,15,38,98,80,13,3,2.0,5,1
psychiatrist_clinic,2026-06-16,63,59,66,6,7,3,3.0,11,1
female_ward,2026-06-12,0,64,62,72,15,2,1.0,5,1
male_ward,2026-06-17,56,42,17,41,14,4,3.0,30,1
psychiatrist_clinic,2026-06-10,4,54,67,92,1,3,3.0,30,0
family_medical_clinic,2026-06-12,3,49,21,32,4,4,1.0,29,1
female_ward,2026-06-17,94,8,22,76,8,4,1.0,16,0
family_medical_clinic,2026-06-28,99,17,41,86,13,1,1.0,1,0
male_ward,2026-06-23,53,39,61,26,16,4,2.0,6,1
male_ward,2026-06-04,78,39,40,22,8,3,2.0,18,1
female_ward,2026-06-28,21,73,92,67,7,1,3.0,17,0
male_ward,2026-06-13,1,66,53,82,11,4,3.0,5,1
psychiatrist_clinic,2026-06-11,33,82,69,57,9,0,3.0,3,0
psychiatrist_clinic,2026-06-09,67,50,93,75,0,1,1.0,4,0
female_ward,2026-06-17,84,30,83,13,7,3,2.0,15,1
etu,2026-06-09,54,16,3,65,19,1,2.0,22,1
psychiatrist_clinic,2026-06-04,2,99,61,92,17,1,1.0,21,1
male_ward,2026-06-18,46,73,35,16,20,2,3.0,1,1
opd,2026-06-22,69,31,33,67,12,2,1.0,21,1
etu,2026-06-17,60,9,32,30,19,0,3.0,5,1
family_medical_clinic,2026-06-19,74,90,10,51,18,5,1.0,25,1
family_medical_clinic,2026-06-02,8,26,29,59,4,1,1.0,25,1
female_ward,2026-06-11,11,76,2,11,5,4,2.0,6,1
female_ward,2026-06-03,43,12,4,34,20,0,1.0,6,1
opd,2026-06-08,14,28,73,7,17,5,3.0,22,1
etu,2026-06-18,73,66,49,30,9,4,1.0,9,1
etu,2026-06-22,78,47,32,89,5,4,2.0,16,0
psychiatrist_clinic,2026-06-16,85,87,26,93,14,4,1.0,26,0
female_ward,2026-06-08,43,16,98,97,10,2,1.0,18,0
psychiatrist_clinic,2026-06-23,98,23,52,14,6,0,2.0,16,0
opd,2026-06-06,62,52,47,70,4,3,3.0,9,1
opd,2026-06-09,64,98,98,0,2,5,1.0,12,1
female_ward,2026-06-03,43,82,39,5,12,1,1.0,24,1
psychiatrist_clinic,2026-06-06,98,80,18,87,12,3,3.0,16,0
family_medical_clinic,2026-06-21,26,66,77,16,20,4,1.0,28,1
family_medical_clinic,2026-06-06,68,36,90,32,12,3,1.0,22,1
opd,2026-06-13,14,57,0,54,9,4,2.0,21,1
opd,2026-06-11,34,2,59,11,7,4,2.0,19,1
psychiatrist_clinic,2026-06-28,29,44,55,61,7,1,2.0,29,1
psychiatrist_clinic,2026-06-05,39,70,41,60,19,2,3.0,26,1
etu,2026-06-25,19,45,14,94,18,0,2.0,19,1
etu,2026-06-18,14,82,8,87,9,1,3.0,23,1
family_medical_clinic,2026-06-28,73,27,10,52,7,2,3.0,13,1
opd,2026-06-03,13,97,80,32,1,4,2.0,8,1
opd,2026-06-01,95,40,45,36,18,1,3.0,11,1
opd,2026-06-01,54,74,59,32,17,2,2.0,22,1
male_ward,2026-06-13,0,4,17,93,4,1,3.0,27,1
opd,2026-06-09,68,18,30,6,11,2,1.0,25,1
psychiatrist_clinic,2026-06-05,74,25,28,75,17,4,2.0,21,1
family_medical_clinic,2026-06-02,2,5,83,19,14,4,3.0,16,1
psychiatrist_clinic,2026-06-12,70,89,86,30,1,4,3.0,3,1
etu,2026-06-13,8,63,13,68,11,2,1.0,5,1
female_ward,2026-06-23,57,36,49,25,0,5,2.0,10,1
male_ward,2026-06-10,80,79,30,43,19,3,2.0,3,1
female_ward,2026-06-11,76,21,28,8,8,2,2.0,30,1
family_medical_clinic,2026-06-22,14,25,17,42,7,4,1.0,20,1
etu,2026-06-26,98,25,15,19,8,3,1.0,4,1
female_ward,2026-06-05,75,12,6,47,14,1,3.0,13,1
etu,2026-06-14,73,86,52,74,18,4,2.0,20,1
family_medical_clinic,2026-06-09,46,16,90,48,12,2,3.0,20,1
etu,2026-06-08,98,32,49,71,6,2,1.0,2,1
psychiatrist_clinic,2026-06-11,22,38,5,36,6,3,2.0,18,1
psychiatrist_clinic,2026-06-06,33,52,6,41,6,1,2.0,17,1
male_ward,2026-06-05,74,38,18,90,3,4,1.0,1,0
opd,2026-06-15,70,70,48,4,1,3,3.0,3,1
psychiatrist_clinic,2026-06-26,79,6,51,72,3,5,2.0,22,1
male_ward,2026-06-27,17,94,3,10,19,1,1.0,8,1
psychiatrist_clinic,2026-06-20,85,87,95,16,4,0,2.0,17,0
male_ward,2026-06-20,51,66,3,96,0,2,1.0,12,1
family_medical_clinic,2026-06-19,82,7,91,97,12,4,2.0,8,0
etu,2026-06-20,93,6,18,31,10,2,1.0,26,1
male_ward,2026-06-11,73,95,6,98,8,5,1.0,6,0
psychiatrist_clinic,2026-06-25,62,34,79,15,13,5,1.0,29,1
family_medical_clinic,2026-06-17,86,99,85,66,20,5,2.0,2,1
male_ward,2026-06-26,85,89,80,53,11,0,1.0,16,0
etu,2026-06-11,10,74,40,43,10,1,3.0,22,1
etu,2026-06-16,36,82,54,14,19,3,2.0,7,1
etu,2026-06-26,48,1,76,97,9,2,2.0,19,0
etu,2026-06-01,55,2,5,38,2,4,1.0,2,1
opd,2026-06-01,22,83,66,24,7,5,1.0,11,1
male_ward,2026-06-18,72,83,90,51,3,5,2.0,8,1
psychiatrist_clinic,2026-06-26,92,93,21,56,8,3,3.0,26,1
etu,2026-06-19,78,36,30,78,16,5,1.0,30,0
psychiatrist_clinic,2026-06-23,6,17,62,50,6,4,3.0,14,1
family_medical_clinic,2026-06-02,67,74,33,30,12,3,2.0,9,1
etu,2026-06-21,43,63,13,8,15,5,2.0,15,1
etu,2026-06-09,1,14,19,48,19,4,2.0,12,1
etu,2026-06-20,51,73,86,45,7,2,3.0,29,1
family_medical_clinic,2026-06-21,47,24,62,53,3,4,2.0,13,1
female_ward,2026-06-24,56,72,25,53,6,1,2.0,29,1
family_medical_clinic,2026-06-16,7,33,91,84,12,5,3.0,9,0
opd,2026-06-25,48,71,63,8,14,0,3.0,8,0
male_ward,2026-06-05,45,70,0,81,16,2,3.0,23,1
female_ward,2026-06-12,63,27,32,35,15,0,2.0,16,1
family_medical_clinic,2026-06-27,72,85,92,88,9,4,3.0,27,0
family_medical_clinic,2026-06-12,44,90,33,93,7,2,2.0,6,1
female_ward,2026-06-15,82,51,90,14,3,0,3.0,4,0
family_medical_clinic,2026-06-20,48,45,69,40,1,5,1.0,25,1
psychiatrist_clinic,2026-06-04,70,33,69,25,0,4,3.0,30,1
female_ward,2026-06-21,5,29,82,13,3,0,1.0,29,0
male_ward,2026-06-09,17,57,65,50,3,1,2.0,24,0
etu,2026-06-17,69,98,40,64,0,4,1.0,26,1
female_ward,2026-06-15,32,75,54,14,3,0,2.0,23,1
etu,2026-06-12,17,46,36,23,18,0,1.0,17,0
etu,2026-06-11,10,57,85,93,18,5,3.0,17,1
family_medical_clinic,2026-06-15,54,36,96,17,16,2,2.0,22,1
psychiatrist_clinic,2026-06-07,87,51,42,13,0,4,3.0,23,1
family_medical_clinic,2026-06-21,55,83,29,21,6,2,1.0,15,1
male_ward,2026-06-15,30,87,34,41,10,0,3.0,4,1
psychiatrist_clinic,2026-06-17,67,84,32,70,15,4,2.0,16,1
psychiatrist_clinic,2026-06-25,94,26,85,4,6,5,1.0,19,1
male_ward,2026-06-22,11,83,66,90,7,0,2.0,26,0
male_ward,2026-06-13,35,96,45,47,4,4,1.0,30,1
etu,2026-06-01,68,14,56,39,19,4,1.0,17,0
psychiatrist_clinic,2026-06-03,29,64,24,67,7,0,2.0,12,1
psychiatrist_clinic,2026-06-11,30,85,48,36,12,2,1.0,27,1
psychiatrist_clinic,2026-06-12,2,7,99,23,3,3,3.0,27,1
etu,2026-06-01,68,86,0,28,17,2,2.0,19,1
opd,2026-06-12,49,14,1,9,18,3,1.0,24,1
family_medical_clinic,2026-06-01,98,0,37,92,12,5,1.0,8,0
family_medical_clinic,2026-06-26,18,45,5,98,5,3,1.0,14,1
male_ward,2026-06-28,0,10,34,90,16,1,1.0,13,1
female_ward,2026-06-21,71,11,18,54,16,5,3.0,18,1
opd,2026-06-11,7,55,39,13,14,0,3.0,16,1
female_ward,2026-06-18,86,25,64,42,13,4,2.0,16,1
opd,2026-06-08,1,57,79,27,11,0,1.0,8,0
family_medical_clinic,2026-06-27,64,69,26,82,3,4,2.0,7,0
psychiatrist_clinic,2026-06-17,64,60,72,78,20,2,1.0,21,0
family_medical_clinic,2026-06-04,66,10,7,81,3,0,2.0,8,0
family_medical_clinic,2026-06-20,22,88,89,53,3,2,2.0,17,1
female_ward,2026-06-22,32,70,81,54,16,0,3.0,23,1
family_medical_clinic,2026-06-04,70,11,47,56,16,2,2.0,11,1
female_ward,2026-06-13,17,53,53,36,4,2,1.0,9,1
psychiatrist_clinic,2026-06-23,92,38,96,97,0,0,2.0,15,0
family_medical_clinic,2026-06-22,61,95,88,44,2,4,2.0,8,1
etu,2026-06-19,56,75,22,23,17,3,1.0,24,0
psychiatrist_clinic,2026-06-12,6,42,42,67,9,0,3.0,11,1
opd,2026-06-06,98,86,88,57,10,0,2.0,26,0
male_ward,2026-06-02,91,31,10,57,6,5,2.0,17,1
male_ward,2026-06-15,25,76,23,0,14,3,1.0,16,1
etu,2026-06-22,35,31,67,94,3,2,3.0,25,0
family_medical_clinic,2026-06-13,0,42,69,81,4,2,2.0,25,0
opd,2026-06-04,29,60,70,25,11,4,3.0,16,1
male_ward,2026-06-28,93,13,96,59,0,2,1.0,18,1
opd,2026-06-27,12,52,70,25,12,5,2.0,15,0
family_medical_clinic,2026-06-04,2,22,13,23,5,5,2.0,10,1
etu,2026-06-07,55,97,93,16,2,2,2.0,11,1
psychiatrist_clinic,2026-06-14,92,59,34,34,20,3,3.0,16,1
etu,2026-06-01,79,31,6,4,13,2,3.0,11,1
etu,2026-06-14,28,18,54,6,13,5,2.0,17,1
male_ward,2026-06-10,71,16,32,98,8,1,1.0,14,0
etu,2026-06-22,4,11,2,60,9,1,3.0,18,0
female_ward,2026-06-04,13,76,40,49,19,0,2.0,12,1
family_medical_clinic,2026-06-26,30,38,67,34,20,3,2.0,7,1
psychiatrist_clinic,2026-06-27,78,70,92,13,18,1,2.0,19,1
psychiatrist_clinic,2026-06-24,81,53,5,50,15,0,1.0,2,0
female_ward,2026-06-20,91,95,49,79,5,0,1.0,8,0
opd,2026-06-26,99,34,87,50,2,4,1.0,15,1
female_ward,2026-06-15,50,88,7,75,10,3,2.0,10,0
opd,2026-06-21,55,86,57,72,12,2,3.0,19,1
male_ward,2026-06-02,0,76,37,79,20,3,2.0,9,1
psychiatrist_clinic,2026-06-27,71,80,18,91,18,2,2.0,2,1
opd,2026-06-05,94,74,73,13,6,3,2.0,22,1
opd,2026-06-14,64,8,24,51,16,1,3.0,17,1
female_ward,2026-06-07,9,59,65,28,11,1,2.0,24,0
male_ward,2026-06-01,83,92,78,98,10,0,2.0,17,0
female_ward,2026-06-25,86,99,33,52,3,5,1.0,2,1
psychiatrist_clinic,2026-06-21,71,35,54,29,5,3,1.0,13,1
family_medical_clinic,2026-06-18,90,96,97,25,14,4,3.0,29,1
psychiatrist_clinic,2026-06-27,37,98,51,27,9,5,1.0,6,1
psychiatrist_clinic,2026-06-22,84,84,13,6,0,4,3.0,3,1
family_medical_clinic,2026-06-25,78,9,18,67,0,3,2.0,30,1
female_ward,2026-06-16,62,19,31,72,12,4,2.0,28,1
psychiatrist_clinic,2026-06-13,75,85,95,4,20,1,2.0,26,1
male_ward,2026-06-13,16,19,60,5,9,4,2.0,18,1
psychiatrist_clinic,2026-06-12,26,31,51,43,16,1,1.0,22,1
female_ward,2026-06-26,88,18,85,94,9,4,1.0,5,0
etu,2026-06-01,77,0,65,82,3,4,3.0,30,0
family_medical_clinic,2026-06-12,96,57,85,84,3,3,3.0,12,0
family_medical_clinic,2026-06-28,31,81,38,21,1,1,2.0,29,1
female_ward,2026-06-13,57,47,97,78,11,4,2.0,20,0
etu,2026-06-26,5,41,30,35,2,1,2.0,3,1
male_ward,2026-06-11,29,51,74,75,5,3,2.0,29,0
male_ward,2026-06-08,18,50,6,48,5,1,1.0,28,1
etu,2026-06-01,6,86,21,68,13,0,3.0,17,1
female_ward,2026-06-12,73,77,61,99,1,5,1.0,10,1
etu,2026-06-11,88,19,50,22,14,1,2.0,26,1
psychiatrist_clinic,2026-06-15,56,20,51,56,17,4,1.0,16,1
male_ward,2026-06-05,59,51,15,83,18,5,1.0,1,1
opd,2026-06-02,45,11,53,63,17,2,3.0,27,1
etu,2026-06-17,42,0,68,94,1,4,1.0,3,0
male_ward,2026-06-15,5,15,1,20,19,3,2.0,25,1
family_medical_clinic,2026-06-22,89,51,91,81,19,1,3.0,27,1
female_ward,2026-06-08,84,21,17,19,8,5,3.0,14,1
family_medical_clinic,2026-06-26,40,68,94,73,15,3,1.0,5,1
male_ward,2026-06-26,81,41,32,35,5,2,1.0,10,1
male_ward,2026-06-26,79,41,62,19,5,0,2.0,30,0
etu,2026-06-23,48,33,86,56,5,4,2.0,2,1
family_medical_clinic,2026-06-03,78,42,53,66,18,5,3.0,23,1
opd,2026-06-04,14,18,40,34,11,1,1.0,2,1
male_ward,2026-06-06,6,67,35,93,6,5,1.0,15,1
etu,2026-06-27,72,70,83,4,20,5,3.0,14,1
family_medical_clinic,2026-06-10,4,74,55,58,16,4,2.0,5,1
opd,2026-06-03,86,16,37,61,11,5,2.0,17,1
psychiatrist_clinic,2026-06-08,56,77,8,16,13,4,1.0,2,1
female_ward,2026-06-23,56,62,33,92,19,2,1.0,1,1
female_ward,2026-06-18,91,75,79,10,11,5,2.0,24,1
etu,2026-06-17,46,78,95,45,1,0,3.0,5,0
male_ward,2026-06-21,45,16,98,31,4,0,1.0,1,0
family_medical_clinic,2026-06-01,99,72,51,65,11,1,3.0,15,0
family_medical_clinic,2026-06-12,71,30,52,9,6,2,3.0,24,1
female_ward,2026-06-26,60,80,74,84,18,3,2.0,7,1
female_ward,2026-06-02,52,9,2,69,3,1,3.0,27,1
opd,2026-06-14,35,40,98,56,0,5,3.0,19,1
etu,2026-06-01,48,21,36,60,9,1,3.0,7,1
male_ward,2026-06-05,97,75,19,23,19,0,2.0,12,1
male_ward,2026-06-14,80,19,35,63,17,0,1.0,5,0
family_medical_clinic,2026-06-17,20,47,42,20,0,3,1.0,28,1
male_ward,2026-06-27,36,68,80,71,8,2,3.0,13,1
etu,2026-06-27,48,68,54,57,4,1,1.0,4,1
etu,2026-06-22,61,90,73,42,1,4,1.0,6,1
etu,2026-06-06,59,62,71,88,7,0,2.0,14,0
family_medical_clinic,2026-06-20,88,37,1,4,1,5,2.0,13,1
female_ward,2026-06-06,17,53,50,49,10,0,2.0,22,1
etu,2026-06-16,33,94,54,42,20,2,3.0,25,1
family_medical_clinic,2026-06-01,97,95,30,29,6,0,2.0,12,0
opd,2026-06-18,74,46,7,2,6,4,3.0,1,1
psychiatrist_clinic,2026-06-08,80,9,79,11,3,1,3.0,13,0
psychiatrist_clinic,2026-06-15,66,0,14,14,9,1,2.0,29,0
family_medical_clinic,2026-06-20,54,9,62,32,16,3,1.0,13,1
family_medical_clinic,2026-06-23,24,78,83,62,3,2,3.0,8,1
psychiatrist_clinic,2026-06-07,74,52,95,43,8,4,3.0,12,1
psychiatrist_clinic,2026-06-14,79,6,93,53,12,0,2.0,20,0
family_medical_clinic,2026-06-15,23,15,96,94,18,1,3.0,19,1
female_ward,2026-06-22,86,75,61,73,0,4,1.0,27,1
female_ward,2026-06-28,20,9,61,40,8,0,1.0,17,1
opd,2026-06-03,90,34,58,1,9,0,3.0,20,0
male_ward,2026-06-07,37,75,60,59,20,3,1.0,17,1
female_ward,2026-06-08,54,71,54,27,4,0,3.0,18,1
male_ward,2026-06-24,73,8,61,29,0,4,2.0,4,1
psychiatrist_clinic,2026-06-12,79,44,71,32,10,4,1.0,25,1
etu,2026-06-06,62,41,97,11,15,2,3.0,27,1
psychiatrist_clinic,2026-06-06,25,26,90,87,2,1,1.0,5,0
etu,2026-06-26,11,93,65,0,11,4,3.0,12,1
psychiatrist_clinic,2026-06-10,2,87,61,12,4,3,2.0,17,1
female_ward,2026-06-13,84,73,96,89,8,3,2.0,15,0
etu,2026-06-02,3,59,82,50,0,2,1.0,9,1
opd,2026-06-06,46,76,50,83,8,0,2.0,14,1
female_ward,2026-06-20,37,77,45,11,5,3,3.0,28,1
female_ward,2026-06-02,79,4,90,1,16,5,2.0,5,1
opd,2026-06-12,66,53,0,20,20,1,2.0,27,1
female_ward,2026-06-25,19,67,94,6,15,3,2.0,5,1
etu,2026-06-18,35,54,81,55,4,5,2.0,27,1
opd,2026-06-07,31,66,19,39,10,4,3.0,17,1
male_ward,2026-06-26,52,44,83,36,5,1,2.0,8,0
female_ward,2026-06-11,81,50,67,97,10,0,1.0,9,0
male_ward,2026-06-24,36,71,78,23,13,4,3.0,29,0
etu,2026-06-05,73,85,36,96,3,5,1.0,17,0
psychiatrist_clinic,2026-06-24,69,1,35,35,20,3,3.0,1,1
female_ward,2026-06-13,35,26,4,45,7,2,1.0,2,1
psychiatrist_clinic,2026-06-08,61,70,73,65,4,5,1.0,19,1
female_ward,2026-06-07,70,92,85,1,3,4,2.0,28,1
psychiatrist_clinic,2026-06-01,65,64,99,74,13,3,2.0,21,1
family_medical_clinic,2026-06-28,41,94,84,81,10,1,1.0,7,0
psychiatrist_clinic,2026-06-09,56,95,80,43,18,1,3.0,5,1
psychiatrist_clinic,2026-06-17,99,8,15,2,20,4,2.0,20,1
etu,2026-06-23,52,89,26,96,15,3,3.0,2,1
male_ward,2026-06-07,61,31,57,55,11,5,1.0,28,1
male_ward,2026-06-08,31,5,49,20,8,5,3.0,6,1
etu,2026-06-07,45,79,3,75,4,2,1.0,4,1
female_ward,2026-06-24,67,7,45,27,4,1,2.0,20,0
etu,2026-06-20,25,12,67,7,14,2,2.0,1,1
etu,2026-06-21,26,50,76,56,20,0,1.0,10,0
psychiatrist_clinic,2026-06-06,75,78,17,54,15,0,2.0,2,1
psychiatrist_clinic,2026-06-18,34,16,21,98,18,1,2.0,26,1
male_ward,2026-06-15,61,95,29,12,2,1,1.0,21,0
opd,2026-06-14,54,95,0,18,7,3,1.0,30,1
female_ward,2026-06-22,2,71,4,12,0,2,2.0,29,1
male_ward,2026-06-23,72,77,49,15,9,4,3.0,7,1
female_ward,2026-06-02,69,54,32,88,17,0,2.0,20,1
female_ward,2026-06-15,30,48,58,43,0,5,1.0,12,1
family_medical_clinic,2026-06-21,56,5,91,2,17,0,2.0,14,1
opd,2026-06-04,1,18,45,40,11,0,2.0,6,1
psychiatrist_clinic,2026-06-18,57,5,26,21,0,3,3.0,4,0
family_medical_clinic,2026-06-21,45,31,28,28,8,3,1.0,2,1
etu,2026-06-28,26,55,27,11,20,1,1.0,18,1
female_ward,2026-06-07,87,46,10,64,17,0,2.0,8,1
etu,2026-06-24,88,38,69,79,17,2,2.0,9,1
female_ward,2026-06-28,31,24,87,58,9,1,3.0,16,0
male_ward,2026-06-05,31,73,54,67,4,2,3.0,27,1
etu,2026-06-24,56,20,46,62,15,1,3.0,29,1
male_ward,2026-06-10,62,16,35,14,2,3,3.0,15,1
etu,2026-06-15,82,89,72,79,11,2,3.0,11,0
male_ward,2026-06-08,69,51,74,43,19,1,2.0,10,1
female_ward,2026-06-23,31,6,24,2,4,1,3.0,2,1
male_ward,2026-06-13,33,48,31,39,8,5,1.0,28,1
psychiatrist_clinic,2026-06-21,11,68,50,36,11,4,1.0,2,1
psychiatrist_clinic,2026-06-09,38,20,41,47,19,0,3.0,9,1
male_ward,2026-06-28,37,92,52,65,17,0,2.0,9,1
etu,2026-06-01,96,7,1,74,9,0,3.0,4,0
female_ward,2026-06-07,88,7,0,47,3,4,3.0,13,1
family_medical_clinic,2026-06-01,92,27,83,26,0,4,1.0,11,1
male_ward,2026-06-01,49,28,97,38,2,5,3.0,28,1
female_ward,2026-06-07,67,22,80,55,10,3,2.0,16,1
male_ward,2026-06-08,21,21,86,2,7,3,3.0,23,1
family_medical_clinic,2026-06-01,4,29,44,59,11,4,1.0,2,1
etu,2026-06-28,47,94,75,11,10,5,2.0,28,1
female_ward,2026-06-14,9,21,61,61,16,2,1.0,11,1
etu,2026-06-22,28,66,85,75,19,5,3.0,5,1
opd,2026-06-23,65,52,7,65,8,1,3.0,13,0
opd,2026-06-03,96,87,69,36,6,4,1.0,25,1
etu,2026-06-10,5,21,86,36,0,2,1.0,15,1
psychiatrist_clinic,2026-06-08,84,61,12,81,15,4,2.0,25,1
psychiatrist_clinic,2026-06-25,39,6,60,27,6,0,2.0,18,1
male_ward,2026-06-05,67,22,85,92,17,0,2.0,7,0
male_ward,2026-06-26,28,11,77,28,10,2,1.0,21,1
family_medical_clinic,2026-06-03,8,51,89,41,5,5,2.0,10,1
female_ward,2026-06-09,32,15,33,9,18,5,2.0,10,1
male_ward,2026-06-10,65,10,96,15,4,5,1.0,29,1
family_medical_clinic,2026-06-26,7,94,84,27,3,1,1.0,25,0
male_ward,2026-06-12,56,12,5,77,10,1,1.0,15,0
etu,2026-06-22,77,54,92,70,17,3,2.0,19,1
etu,2026-06-14,80,38,57,53,7,2,1.0,24,1
psychiatrist_clinic,2026-06-17,2,12,64,88,1,1,3.0,20,1
family_medical_clinic,2026-06-21,75,5,41,93,20,1,2.0,4,1
female_ward,2026-06-18,31,70,68,2,9,1,1.0,2,0
opd,2026-06-24,1,5,95,32,5,0,1.0,16,0
family_medical_clinic,2026-06-18,86,43,27,7,15,0,2.0,13,1
female_ward,2026-06-05,63,47,73,79,11,2,2.0,20,0
opd,2026-06-09,84,77,10,96,1,2,1.0,15,0
female_ward,2026-06-09,84,4,38,79,10,1,3.0,10,0
opd,2026-06-07,74,29,13,86,15,1,3.0,14,1
etu,2026-06-01,94,36,40,16,13,4,1.0,9,1
opd,2026-06-23,28,11,67,76,16,3,3.0,27,1
opd,2026-06-18,92,48,69,31,5,0,1.0,17,0
psychiatrist_clinic,2026-06-13,59,48,45,57,11,4,1.0,12,1
male_ward,2026-06-19,59,72,87,31,13,2,3.0,2,1
etu,2026-06-06,48,77,32,3,10,4,1.0,24,1
etu,2026-06-04,29,35,42,9,13,2,2.0,24,1
etu,2026-06-27,35,95,83,58,2,0,3.0,16,0
male_ward,2026-06-26,97,67,97,69,2,4,2.0,24,1
opd,2026-06-20,62,23,47,38,13,0,3.0,18,1
opd,2026-06-17,5,44,76,90,7,2,2.0,21,0
family_medical_clinic,2026-06-07,54,84,54,66,17,3,1.0,28,1
psychiatrist_clinic,2026-06-12,53,85,68,69,8,5,2.0,14,1
female_ward,2026-06-16,52,46,55,2,17,1,2.0,29,1
female_ward,2026-06-12,64,9,96,34,4,2,2.0,23,1
etu,2026-06-07,96,6,78,13,0,3,3.0,20,1
family_medical_clinic,2026-06-10,36,41,88,56,10,1,2.0,29,0
etu,2026-06-13,96,70,86,25,4,4,2.0,28,1
female_ward,2026-06-25,52,40,61,15,4,3,1.0,16,1
male_ward,2026-06-09,16,93,34,20,15,0,3.0,20,1
etu,2026-06-23,11,76,65,25,9,1,3.0,28,0
opd,2026-06-25,17,82,0,86,17,0,3.0,9,1
psychiatrist_clinic,2026-06-20,91,56,33,57,13,2,3.0,27,1
opd,2026-06-22,7,52,29,91,15,2,2.0,26,1
etu,2026-06-10,23,34,37,0,8,3,1.0,22,1
psychiatrist_clinic,2026-06-04,7,98,65,2,15,2,2.0,12,1
opd,2026-06-04,8,83,34,12,13,0,1.0,30,1
male_ward,2026-06-17,76,88,96,40,5,5,3.0,27,1
opd,2026-06-18,22,61,71,99,4,0,2.0,25,0
etu,2026-06-14,79,90,42,31,19,4,2.0,30,1
psychiatrist_clinic,2026-06-03,40,73,2,42,14,1,2.0,12,1
opd,2026-06-26,26,42,80,69,13,5,1.0,8,1
female_ward,2026-06-09,15,29,15,64,6,5,1.0,6,1
family_medical_clinic,2026-06-16,38,38,72,81,5,5,1.0,18,0
etu,2026-06-23,92,8,30,56,11,4,3.0,19,1
etu,2026-06-25,38,31,55,87,3,4,3.0,27,1
male_ward,2026-06-15,16,31,65,17,16,3,1.0,20,1
male_ward,2026-06-18,68,28,50,71,7,0,2.0,4,0
male_ward,2026-06-10,66,92,52,41,13,1,3.0,30,1
etu,2026-06-27,27,24,19,12,0,4,1.0,4,1
female_ward,2026-06-06,39,90,78,9,19,5,1.0,17,1
male_ward,2026-06-10,93,24,26,1,10,0,3.0,21,0
female_ward,2026-06-11,93,6,62,96,6,2,2.0,22,0
male_ward,2026-06-06,75,95,21,2,13,4,2.0,15,1
psychiatrist_clinic,2026-06-18,56,99,62,0,16,1,2.0,12,1
etu,2026-06-17,88,45,59,84,1,0,1.0,27,0
female_ward,2026-06-18,87,62,37,31,6,1,3.0,10,0
male_ward,2026-06-12,0,34,37,92,9,3,1.0,11,1
etu,2026-06-06,92,31,90,94,18,0,2.0,26,1
female_ward,2026-06-27,27,53,9,90,12,2,3.0,20,1
female_ward,2026-06-01,28,87,42,79,20,5,2.0,3,1
opd,2026-06-25,77,7,13,21,10,4,2.0,14,1
psychiatrist_clinic,2026-06-26,7,41,42,33,11,5,2.0,18,1
male_ward,2026-06-27,8,35,52,19,11,2,3.0,27,1
psychiatrist_clinic,2026-06-12,93,6,59,33,18,3,1.0,27,1
family_medical_clinic,2026-06-06,93,15,50,66,17,5,1.0,18,0
family_medical_clinic,2026-06-06,31,22,18,21,19,4,2.0,5,1
opd,2026-06-12,72,14,27,6,15,3,2.0,12,1
family_medical_clinic,2026-06-15,74,29,8,10,14,5,1.0,1,1
psychiatrist_clinic,2026-06-03,84,4,21,83,20,5,1.0,27,0
female_ward,2026-06-05,11,5,2,27,17,3,1.0,19,1
family_medical_clinic,2026-06-10,24,80,23,87,4,2,1.0,5,1
etu,2026-06-25,71,15,61,33,12,5,2.0,26,1
female_ward,2026-06-17,71,35,2,54,0,1,2.0,18,0
psychiatrist_clinic,2026-06-12,97,85,40,35,13,2,2.0,20,1
family_medical_clinic,2026-06-08,92,50,21,96,0,0,2.0,10,0
female_ward,2026-06-01,9,83,53,7,1,4,3.0,11,1
psychiatrist_clinic,2026-06-20,67,25,67,86,15,3,2.0,19,1
female_ward,2026-06-23,17,37,47,56,13,3,1.0,28,1
family_medical_clinic,2026-06-21,17,86,78,16,17,3,3.0,17,1
family_medical_clinic,2026-06-05,61,25,70,71,8,0,1.0,20,0
opd,2026-06-08,12,69,21,39,3,0,3.0,26,1
female_ward,2026-06-17,36,34,42,77,11,4,1.0,16,1
etu,2026-06-13,53,73,73,62,4,3,1.0,29,1
etu,2026-06-25,38,18,87,25,7,5,2.0,4,1
etu,2026-06-20,24,58,47,0,1,5,1.0,26,1
female_ward,2026-06-23,2,15,68,28,14,2,3.0,20,1
female_ward,2026-06-14,61,99,63,73,4,4,1.0,24,1
family_medical_clinic,2026-06-23,82,29,35,4,15,5,3.0,20,1
psychiatrist_clinic,2026-06-06,59,5,81,65,18,5,3.0,22,1
etu,2026-06-26,85,54,57,34,16,1,3.0,6,1
male_ward,2026-06-02,17,58,51,47,5,3,3.0,20,1
etu,2026-06-05,35,68,47,28,4,5,1.0,9,1
opd,2026-06-14,75,63,65,9,0,5,2.0,25,1
opd,2026-06-10,69,42,29,26,4,0,1.0,11,0
female_ward,2026-06-20,25,92,56,43,17,5,2.0,6,1
family_medical_clinic,2026-06-12,44,94,49,80,15,2,1.0,4,1
psychiatrist_clinic,2026-06-22,86,60,59,83,1,2,1.0,29,0
male_ward,2026-06-06,92,15,28,93,0,0,2.0,26,0
etu,2026-06-16,48,37,82,90,4,5,1.0,23,0
psychiatrist_clinic,2026-06-01,58,71,64,3,1,2,1.0,5,1
female_ward,2026-06-05,18,92,24,4,4,3,2.0,22,1
female_ward,2026-06-22,64,7,55,24,13,3,3.0,28,1
family_medical_clinic,2026-06-10,17,12,16,42,4,5,1.0,12,1
female_ward,2026-06-10,52,23,23,98,19,5,3.0,6,1
etu,2026-06-28,92,11,66,45,7,2,1.0,27,1
psychiatrist_clinic,2026-06-16,83,27,22,29,16,2,3.0,20,1
opd,2026-06-21,31,50,42,4,0,1,2.0,25,1
female_ward,2026-06-22,73,90,3,38,12,5,1.0,4,1
female_ward,2026-06-25,73,32,80,62,3,0,1.0,8,0
opd,2026-06-08,59,2,56,41,16,4,2.0,1,1
psychiatrist_clinic,2026-06-15,72,20,16,15,7,2,2.0,16,1
